rank,page_title,page_slug,content_type,chemistry_topic,audience,total_search_volume_us,total_search_volume_au,keyword_count,primary_keyword,primary_keyword_volume,supporting_keywords,exists_on_site
1,Periodic Table Guide & Reference - Free Chemistry Cheat Sheet,/guides/periodic-table-guide,guide,periodic table,high school,4111020,248060,9,periodic table,4090000,periodic table pdf | ap chemistry periodic table | first 20 elements of the periodic table | ap chemistry periodic table 2025 | first 20 elements with atomic number | fill in periodic table worksheet | create your own element project examples | periodic trends test pdf,no
2,Periodic Table Game - Free Online Element Quiz,/games/periodic-table-game,game,periodic table,high school,180970,19120,333,quiz about the periodic table,6600,elements periodic table quiz | periodic table of the elements quiz | quiz periodic table of elements | periodic table element quiz | quiz periodic table | quiz the periodic table | quiz on the periodic table of elements | periodic table quiz | periodic table elements quiz | quiz on the periodic table,no
3,How to Balance Chemical Equations: Step-by-Step Guide,/guides/how-to-balance-chemical-equations,guide,balancing equations,high school,175350,15930,201,how to do chemical equations balance,22200,chemistry how to balance chemical equations | how to balance chemical equations | how to balance chemical equations in chemistry | how to balance a chemical equations | how to balance the chemical equations | how to balance a chemical equation | how to balance the equation | how to balance chemical equations step by step | chemical equation solver | how to balance a chemical equation step by step,yes
4,Balancing Chemical Equations Game - Free Online Practice,/games/balancing-chemical-equations-game,game,balancing equations,high school,152360,8700,118,chemical equation balancer,40500,balancing equations | balancing chemical equations practice | practice for balancing chemical equations | balancing equations practice chemistry | practice of balancing chemical equations | practice balancing equations | balancing equations chemistry practice | practice balancing chemical equations | chemical balancing equations practice | chemistry practice balancing equations,yes
5,Chemistry Cheat Sheet - Free Reference Guide & Formulas,/guides/chemistry-cheat-sheet,guide,general chemistry,high school,131700,3700,237,chemistry formulas,110000,orgo | polyatomic ions sheet | cheat sheet chemistry | chemistry cheat sheet | cheat sheet for chemistry | ap chemistry cheat sheet | ap chem cheat sheet | 4 types of chemical reactions | pogil types of chemical reactions | types of chemical reactions pogil,no
6,Types of Chemical Reactions Guide & Examples,/guides/types-of-chemical-reactions-guide,guide,reaction types,high school,78650,6990,309,different types of chemical reactions,18100,chemical types of reactions | types of chemical reactions | five types of chemical reactions | 5 types of chemical reactions | predict products of chemical reactions | types of chemical reactions worksheet | what are different types of chemical reactions | what are types of chemical reactions | what are the different types of chemical reactions | what are 5 types of chemical reactions,partial
7,Naming Compounds Practice - Ionic & Covalent Naming,/guides/naming-compounds-practice,guide,chemical formulas/naming,high school,40040,3000,181,naming ionic compounds,6600,ionic compounds examples | naming compounds chemistry | naming covalent compounds | naming polyatomic ions | naming compounds chemistry practice | naming compounds practice | naming ionic compounds worksheet | naming ionic compounds practice | naming ionic compounds quiz | naming covalent compounds rules,no
8,Stoichiometry Practice Problems & Step-by-Step Solutions,/guides/stoichiometry-practice,guide,stoichiometry/moles,high school,31080,1660,312,practice problems stoichiometry,4400,practice problems for stoichiometry | practice stoichiometry problems | stoichiometry practice problems | practice stoichiometry | stoichiometry practice | stoichiometry practice problems with answers | stoichiometry practice problems answers | extra stoichiometry practice answers | practice stoichiometry problems with answers | mole-to mole conversion practice,no
9,Polyatomic Ions Cheat Sheet - List & Memorization Tips,/guides/polyatomic-ions-cheat-sheet,guide,chemical formulas/naming,high school,29080,1250,7,polyatomic ions list,18100,what are the polyatomic ions | how to memorize polyatomic ions | polyatomic ions list to memorize | most common polyatomic ions list | polyatomic ions notes | how to memorize polyatomic ions song,partial
10,AP Chemistry Cheat Sheet - Formula Sheet & Quick Reference,/guides/ap-chemistry-cheat-sheet,guide,general chemistry,high school,18100,40,1,ap chemistry formula sheet,18100,,no
11,What Is Chemistry? - A Simple Guide for Students,/guides/what-is-chemistry-guide,guide,general chemistry,middle school,18100,1300,1,what is chemistry,18100,,no
12,Chemistry Quiz - Free Online General Chemistry Game,/games/chemistry-quiz,game,general chemistry,high school,16320,1690,63,quiz on chemistry,1900,quiz for chemistry | chemistry science quiz | quiz about chemistry | chemistry quiz | quiz chemistry | quiz chemistry questions | questions for chemistry quiz | quiz questions chemistry | chemistry quiz questions | chemistry question quiz,no
13,Bonding Practice Game - Lewis Structures & Chemical Bonds,/games/bonding-practice,game,bonding,high school,12840,270,16,lewis structure practice,3600,practice lewis structure | lewis dot structure practice | bonding chemistry worksheets | lewis structure and intermolecular forces practice | molecule game | chemistry bonding quiz | chemistry quiz on chemical bonding | chemistry chemical bonding quiz | chemistry quiz on bonding | chemistry bonds quiz,no
14,Chemistry Study Tips: How to Study Chemistry & Succeed,/blog/chemistry-study-tips,blog,general chemistry,high school,12570,1880,228,is chemistry hard,2400,is chemistry harder than physics | how to study for chemistry | how to study chemistry | why is organic chemistry so hard | how to study for organic chemistry | how to study organic chemistry | is chemistry harder than biology | how to study ap chemistry | how to study for ap chemistry | chemistry how to study,no
15,Chemistry Games for High School - Free Online Learning,/games/chemistry-games-for-high-school,game,general chemistry,high school,10860,1530,123,chemistry games,1900,games with chemistry | games in chemistry | quiz questions about chemistry | chemistry games app | chemistry games online | organic chemistry games | chemistry online games | online chemistry games | chemistry mixing games | fun chemistry games,no
16,Lewis Structure Practice Problems & Drawing Guide,/guides/lewis-structure-practice,guide,bonding,high school,7540,530,82,lewis structure practice problems,1300,practice problems lewis dot structure | lewis dot structure practice problems | lewis structure practice worksheet | draw lewis structure practice | lewis dot structure practice worksheet | lewis structure drawing practice | lewis dot structure practice problems with answers | lewis structure practice worksheet answers | lewis dot structure practice worksheet with answers | lewis structure practice worksheet with answers,no
17,Chemistry Practice Problems - Free Exercises & Solutions,/guides/chemistry-practice-problems,guide,general chemistry,high school,7110,390,126,practice chemistry problems,880,practice problems chemistry | chemistry practice problems | practice problems for chemistry | ap chemistry practice problems | equilibrium chemistry practice problems | chemistry equilibrium practice problems | chemistry kinetics practice problems | kinetics chemistry practice problems | nuclear chemistry practice problems | ap chemistry kinetics practice problems,no
18,Chemistry Flashcards - Free Online Study Game,/games/chemistry-flashcards,game,general chemistry,high school,6490,480,44,chemistry flashcards,880,flashcards chemistry | flashcards for organic chemistry | organic chemistry flashcards | gcse chemistry flashcards | chemistry flashcards gcse | flashcards for gcse chemistry | chemistry gcse flashcards | chemistry flashcards a level | flashcards for chemistry | a level chemistry flashcards,no
19,Organic Chemistry Practice Problems & Exercises,/guides/organic-chemistry-practice,guide,organic,college,6140,350,47,organic chemistry practice problems,1600,practice problems for organic chemistry | practice problems organic chemistry | synthesis practice problems organic chemistry | synthesis organic chemistry practice problems | organic chemistry practice problems with answers pdf | organic chemistry 1 synthesis practice problems | synthesis practice problems organic chemistry 1 | practice synthesis problems organic chemistry 1 | organic chemistry multi-step synthesis practice problems with answers pdf | msu organic chemistry practice problems,no
20,Free Chemistry Worksheets - Practice Exercises & Answer Keys,/guides/chemistry-worksheets,guide,general chemistry,high school,5460,1020,140,worksheets for chemistry,720,chemistry worksheets | worksheets in chemistry | worksheets chemistry | ap chemistry worksheets | basic chemistry worksheets | chemistry worksheets pdf | chemistry worksheets with answers pdf | easy chemistry worksheets | chemistry density worksheets | simple chemistry worksheets,no
21,Chemistry Conversions & Unit Conversion Practice,/guides/chemistry-conversions-practice,game,general chemistry,high school,4240,140,14,practice conversion problems for chemistry,480,practice conversion problems chemistry | conversion practice problems chemistry | chemistry conversion practice problems | chemistry conversions practice problems | practice chemistry conversion problems | unit conversion practice problems chemistry | chemistry unit conversion practice problems | conversion factors chemistry practice problems | conversion factor practice problems chemistry | dimensional analysis chemistry practice problems,no
22,Organic Chemistry Quiz - Functional Groups Game,/games/organic-chemistry-quiz,game,organic,college,3990,350,12,functional groups organic chemistry quiz,590,functional groups quiz organic chemistry | functional group quiz organic chemistry | organic chemistry functional groups quiz | organic chemistry quiz functional groups | quiz for organic chemistry | organometallic chemistry quiz | quiz on organic chemistry | quiz of organic chemistry | organic chemistry quiz | quiz organic chemistry,no
23,Balancing Chemical Equations Practice Problems & Answers,/guides/balancing-chemical-equations-practice,guide,balancing equations,high school,3690,330,40,balancing chemical equations answer key,390,balancing chemical equations with answers | practice problems balancing equations | balancing equations practice problems | practice problems for balancing equations | 50 examples of balanced chemical equations with answers | balancing equations worksheet with answers pdf | balancing chemical equations worksheet pdf | balancing redox equations practice | balancing equations practice worksheet | practice balancing equations worksheet,yes
24,Acids and Bases Practice Problems & Solutions Guide,/guides/acid-base-practice,guide,acids & bases,high school,2400,210,49,acids and bases practice problems,390,acid-base chemistry practice problems | acid and base chemistry practice problems | acid base chemistry practice problems | acids and bases practice | organic chemistry acids and bases practice problems | acid base titration simulation | lewis acids and bases practice problems | conjugate acids and bases practice | acids and bases practice problems with answers | acids and bases practice test,no
25,Organic Chemistry Cheat Sheet - Free Reference Guide,/guides/organic-chemistry-cheat-sheet,guide,organic,college,1840,310,26,organic chemistry cheat sheet,390,cheat sheet for organic chemistry | cheat sheet organic chemistry | organic chemistry for dummies pdf | organic chemistry 1 reactions cheat sheet | organic chemistry synthesis cheat sheet | organic chemistry reaction mechanisms cheat sheet | organic chemistry cheat sheet pdf | organic chemistry cheat sheet reddit | organic chemistry reagents cheat sheet | organic chemistry alkene reactions cheat sheet,no
26,Types of Chemical Reactions Practice Problems & Quiz,/guides/types-of-chemical-reactions-practice,guide,reaction types,high school,1530,120,23,lab types of chemical reactions,210,types of chemical reactions labs | types of chemical reactions lab | quiz on types of chemical reactions | chemistry reaction practice problems | chemistry reactions practice problems | chemistry reaction games | types of chemical reactions pogil answers | identifying the 5 types of chemical reactions worksheet | types of chemical reactions worksheet pogil | types of chemical reactions worksheet pdf,no
27,States of Matter Game - Free Online Chemistry Game,/games/states-of-matter-game,game,general chemistry,middle school,1400,230,12,states of matter game,480,states of matter game online | states of matter online game | interactive states of matter game | states of matter interactive game | states of matter review game | changing states of matter interactive game | states of matter millionaire game | changing states of matter game | states of matter matching game | states of matter card game,no
28,Organic Chemistry Guide - What Is Organic Chemistry?,/guides/organic-chemistry-guide,guide,organic,college,1250,90,3,orgo meaning,880,orgo class | why is organic chemistry called orgo,no
29,Chemistry Quiz Questions with Answers - Free Practice,/guides/chemistry-quiz-questions,guide,general chemistry,high school,980,70,7,questions for chemistry quiz with answers,140,ms doe chemistry quiz | chemistry quiz questions with answers | chemistry quiz questions and answers | quiz questions on chemistry with answers | chemistry questions and answers quiz | dr doe's chemistry quiz mobile,no
30,Acid-Base Organic Chemistry Practice Problems,/guides/acid-base-organic-chemistry-practice,guide,acids & bases,college,720,80,8,organic chemistry acid-base reactions practice problems,90,organic chemistry acid base reactions practice problems | acid base organic chemistry practice problems | organic chemistry acid-base practice problems | acid-base practice problems organic chemistry | acid base practice problems organic chemistry | acid-base organic chemistry practice problems | organic chemistry acid base practice problems,no
31,Lab Safety Quiz - Free Online Chemistry Lab Safety Game,/games/lab-safety-quiz,game,lab safety,high school,620,10,14,chemistry lab safety quiz,90,chemistry laboratory safety quiz | lab safety quiz chemistry | safety quiz for chemistry lab | safety quiz chemistry lab | lab safety chemistry quiz | chemistry lab safety and equipment quiz | organic chemistry safety quiz | general chemistry safety quiz | ap chemistry safety quiz | chemistry lab equipment quiz worksheet,no
32,"Polyatomic Ions Guide - List, Chart & Naming Rules",/guides/polyatomic-ions-guide,guide,chemical formulas/naming,high school,590,20,1,how many polyatomic ions are there,590,,no
33,Polyatomic Ions Flashcards - Free Online Game,/games/polyatomic-ions-flashcards,game,chemical formulas/naming,high school,590,20,1,polyatomic ions flashcards,590,,no
34,Balancing Chemical Equations Practice - Worksheet & Answers,/guides/balancing-equations-practice,guide,balancing equations,high school,590,120,16,balancing equations practice worksheet answer,50,balancing chemical equations practice pdf | practice balancing equations worksheet answers | balancing equations practice worksheet answers | balancing equations practice worksheet with answers | practice balancing equations #1 answer key | practice balancing equations 1 answer key | balancing equations practice answer key | balancing equations practice with answers | balancing equations practice answers | balancing equations practice worksheet answers key,yes
35,Lab Equipment Quiz - Free Chemistry Quiz Game,/games/lab-equipment-quiz,game,lab safety,high school,560,70,7,lab equipment chemistry quiz,110,chemistry lab equipment quiz | chemistry laboratory equipment quiz | lab equipment quiz chemistry | chemistry apparatus quiz | chemistry tools quiz | chemistry equipment quiz,no
36,Organic Chemistry Flashcards - Reactions Game,/games/organic-chemistry-flashcard-game,game,organic,college,450,40,5,organic chemistry reactions flashcards,90,organic chemistry flashcards reactions | flashcards for organic chemistry reactions | organic chemistry reaction flashcards | mcat organic chemistry flashcards,no
37,Chemistry Basics Quiz - Test Your Knowledge Free,/games/chemistry-basics-quiz,game,general chemistry,high school,440,40,4,basics of chemistry quiz,110,basic chemistry quiz | chemistry basic quiz | chemistry basics quiz,no
38,Functional Group Flashcards - Organic Chemistry Game,/games/functional-groups-flashcards,game,organic,college,420,20,2,organic chemistry functional group flashcards,210,functional groups organic chemistry flashcards,no
39,Periodic Table Worksheet - Free PDF Printables,/guides/periodic-table-worksheet,guide,periodic table,teacher,380,20,4,periodic table worksheet pdf,320,periodic table fun activity worksheet pdf | periodic table worksheet pdf answer key | periodic table fun activity worksheet,no
40,Acids and Bases Quiz - Free Chemistry Quiz Game,/games/acids-and-bases-quiz,game,acids & bases,high school,340,40,2,chemistry acids and bases quiz,170,acid base chemistry quiz,yes
41,Organic Chemistry Practice Problems - With Answers,/guides/organic-chemistry-practice-problems,guide,organic,college,330,70,24,organic chemistry substitution and elimination reactions practice problems,40,organic chemistry 1 practice problems with answers pdf | skeletal structure organic chemistry practice problems with answers pdf | organic chemistry acid-base practice problems with answers | organic chemistry carboxylic acid practice problems | free radical organic chemistry practice problems | heterocyclic chemistry practice problems | organic chemistry oxidation-reduction practice problems | organic chemistry 2 practice problems with answers | skeletal structure chemistry practice problems | organic chemistry retrosynthesis practice problems with answers,no
42,Acids and Bases Game - Titration Simulation Online,/games/acids-and-bases-game,game,acids & bases,high school,320,40,1,titration simulation,320,,yes
43,Chemical Reaction Types Practice - Worksheets & Problems,/guides/reaction-types-practice,guide,reaction types,high school,290,50,4,chemistry synthesis practice problems,90,predicting products of chemical reactions calculator | word equations worksheet chemistry | precipitation chemistry practice problems,no
44,Chemical Reactions Quiz - Free Online Game,/games/chemical-reactions-quiz,game,reaction types,high school,280,40,2,chemistry reactions quiz,140,chemistry reaction quiz,yes
45,Writing Chemical Formulas Practice - Free Game,/games/chemical-formulas-practice,game,chemical formulas/naming,high school,270,20,3,writing chemical formulas: practice,90,practice writing chemical formulas | writing chemical formulas practice,partial
46,AP Chemistry Practice Problems - By Unit & Topic,/guides/ap-chemistry-practice,guide,general chemistry,high school,270,0,3,ap chemistry unit 6 practice problems,90,ap chemistry unit 5 practice problems | ap chemistry unit 7 practice problems,no
47,"Chemical Bonding Guide - Covalent, Ionic & More",/guides/bonding-guide,guide,bonding,high school,260,30,1,are polyatomic ions covalent or ionic,260,,yes
48,Types of Chemical Reactions Game - Virtual Lab,/games/reaction-types-game,game,reaction types,high school,260,90,13,types of chemical reactions simulation,20,types of chemical reactions webquest | six types of chemical reactions worksheet | 6 types of chemical reactions worksheet | virtual lab types of chemical reactions | types of chemical reactions test | types of chemical reactions virtual lab | virtual lab :types of chemical reactions | shall we dance classifying types of chemical reactions | identify the 5 types of chemical reactions worksheet | types of chemical reactions packet,partial
49,Chemistry Quizzes - Free Online Chemistry Games,/games/chemistry-quizzes,game,general chemistry,high school,250,50,25,chemistry dimensional analysis quiz,10,google chemistry quiz | easy chemistry quiz with answers | chemistry matter and energy quiz | chemistry class 10 chapter 1 quiz | chemistry unit 5 quiz | chemistry gas laws quiz answers | introduction to chemistry quiz for chapter 1 | chemistry quiz for class 11 | ap chemistry thermodynamics quiz 1 | chemistry quiz 3,no
50,Chemistry Quiz Online - Free Interactive Games,/games/chemistry-quiz-online,game,general chemistry,high school,250,110,25,chemistry quiz online free,10,chemistry quiz for class 10 | general chemistry quiz questions and answers | chapter 5 quiz chemistry | class 10 chemistry quiz | nuclear chemistry quiz with answers | organic chemistry quiz online | organic chemistry quiz with answers | chemistry quiz questions for class 8 | national 5 chemistry quiz | equilibrium quiz ap chemistry,no
51,Physical & Chemical Changes Quiz - Free Game,/games/physical-and-chemical-changes-quiz,game,reaction types,high school,210,20,1,chemistry physical and chemical changes quiz,210,,partial
52,Periodic Table Project Ideas for Students,/blog/periodic-table-project-ideas,blog,periodic table,teacher,210,10,1,periodic table of elements project ideas,210,,no
53,"First 20 Elements - Symbols, Atomic Mass & Numbers",/guides/first-20-elements-guide,guide,periodic table,high school,210,30,3,first 20 elements with symbols,70,1 20 elements of the periodic table | atomic mass of first 20 elements without decimals,no
54,Chemistry Conversion Practice - Worksheets & Problems,/guides/chemistry-conversion-practice,guide,stoichiometry/moles,high school,200,20,4,conversion worksheets chemistry,90,chemistry conversion worksheets | general chemistry conversion practice problems | chemistry conversion practice problems pdf,no
55,Resonance Structures Practice Problems - Organic Chem,/guides/resonance-structures-practice,guide,organic,college,200,0,4,resonance structures practice problems organic chemistry,50,organic chemistry resonance practice problems | resonance practice problems organic chemistry | resonance organic chemistry practice problems,no
56,Acid-Base Titration Simulation - Free Virtual Lab,/games/acid-base-titration-simulation,game,acids & bases,high school,200,100,15,titration lab simulation,20,online titration simulation | titration simulation online | titration online simulation | titration simulation lab | virtual titration lab simulation | titration experiment simulation | acid base titration simulation lab | ph titration simulation | virtual titration simulation | acid base titration computer simulation,no
57,Chemistry Quiz Games - Free Interactive Online,/games/chemistry-quiz-games,game,general chemistry,high school,180,310,6,unit 1 chemistry quiz,30,equilibrium chemistry quiz | international chemistry quiz | chemistry unit 1 quiz | chemistry equilibrium quiz | chemistry of life quiz,no
58,Chemistry Cheat Sheet - Free PDF Download,/guides/cheat-sheet,guide,general chemistry,high school,180,60,6,chemistry final exam cheat sheet,30,chemistry 2 cheat sheet | ap chemistry cheat sheet pdf | conversion cheat sheet chemistry | general chemistry cheat sheet pdf | ap chemistry exam cheat sheet,no
59,Organic Chemistry Worksheets - Free PDF Printables,/guides/organic-chemistry-worksheets,guide,organic,high school,170,30,1,organic chemistry worksheets,170,,no
60,General Chemistry Practice Problems - Free Game,/games/general-chemistry-practice,game,general chemistry,high school,170,10,1,general chemistry practice problems,170,,no
61,"Naming Compounds Guide - Ionic, Covalent & More",/guides/naming-compounds-guide,guide,chemical formulas/naming,high school,160,20,2,how to name ionic compounds with transition metals,110,binary compounds list,yes
62,Acids and Bases Game - Acid-Base Titration Online,/games/acids-and-bases-game,game,acids & bases,high school,160,40,4,acid-base titration simulation,90,acid base game | acid and base game | acids and bases chemistry quiz,yes
63,Mole Conversion Practice - Worksheet & Answers,/guides/mole-conversion-practice,guide,stoichiometry/moles,high school,160,10,16,practice problems mole conversion,10,skill practice 39 mole conversion practice | mole conversion worksheet mixed practice | mole conversion practice problems worksheet | gram to mole conversion practice problems | mole conversion practice with answers | mole to gram conversion practice | mole conversion practice problems answer key | skill practice 30 mole conversion practice | mole conversion practice worksheet answers | chemistry mole conversion practice problems worksheet with answers,no
64,Molecule Builder Game - Build Molecules Free,/games/molecule-builder-game,game,bonding,high school,150,30,3,build a molecule game,50,molecule builder game | molecule building game,partial
65,Types of Chemical Reactions Game - Free Online,/games/types-of-chemical-reactions-game,game,reaction types,high school,140,70,8,types of chemical reactions activity,40,types of chemical reactions activities | types of chemical reactions questions | types of chemical reactions online practice | types of chemical reactions games | identifying types of chemical reactions practice | types of chemical reactions coloring page | types of chemical reactions interactive,partial
66,Atomic Structure Quiz - Free Chemistry Game,/games/atomic-structure-quiz,game,atomic structure,high school,140,70,7,chemistry quiz on atoms,20,chemistry quiz atomic structure | atomic chemistry quiz | chemistry quiz on atomic structure | atomic structure chemistry quiz | chemistry atomic structure quiz | atomic structure quiz chemistry,no
67,Chemistry Worksheets with Answers - Free PDF,/guides/chemistry-worksheets-with-answers,guide,general chemistry,high school,130,50,13,chemistry worksheets with answers,10,introductory chemistry worksheets | ap chemistry practice worksheets | chemistry activity worksheets | year 7 chemistry worksheets | chemistry 20 worksheets | igcse chemistry worksheets with answers pdf | chemistry reading comprehension worksheets | chemistry corner worksheets | gcse chemistry revision worksheets | ap chemistry worksheets with answers,no
68,Organic Nomenclature Quiz - IUPAC Naming Game,/games/organic-nomenclature-quiz,game,organic,college,120,50,3,nomenclature organic chemistry quiz,40,organic chemistry nomenclature practice quiz | nomenclature quiz organic chemistry,no
69,Unit Conversions Practice - Chemistry Quiz Game,/games/unit-conversions-practice,game,general chemistry,high school,120,30,3,unit conversions chemistry practice problems,40,chemistry conversion practice problems with answers | unit conversion chemistry practice problems,no
70,Thermodynamics Practice Problems - Chemistry Game,/games/thermodynamics-practice-problems,game,general chemistry,high school,120,30,3,chemistry thermodynamics practice problems,40,thermodynamics practice problems chemistry | thermodynamics chemistry practice problems,no
71,Organic Nomenclature Practice - IUPAC Problems,/games/organic-nomenclature-practice,game,organic,college,120,30,3,organic chemistry nomenclature practice problems,40,iupac nomenclature of organic chemistry practice problems | organic chemistry prefixes and suffixes,no
72,Organic Chemistry Cheat Sheet - Free PDF Reagents,/guides/organic-cheat-sheet,guide,organic,college,120,20,4,mcat organic chemistry cheat sheet,30,organic chemistry 2 final exam cheat sheet | cheat sheet organic chemistry reaction map | organic chemistry 2 reagents cheat sheet,no
73,Writing Chemical Formulas Practice - Worksheet & Answers,/guides/writing-chemical-formulas-practice,guide,chemical formulas/naming,high school,120,30,12,chapter 9 practice test naming and writing chemical formulas answers,10,writing chemical formulas practice problems level 2 | writing chemical formulas practice worksheet class 9 | writing chemical formulas practice problems | writing chemical formulas mixed practice | writing chemical formulas practice problems level 1 | writing chemical formulas practice worksheet | practice writing chemical formulas worksheet | writing chemical formulas practice worksheet answers | chemistry practice writing chemical formulas | writing chemical formulas practice worksheet with answers,no
74,Chemistry Practice Worksheets - Nuclear & More,/guides/chemistry-practice-worksheets,guide,atomic structure,high school,110,10,1,nuclear chemistry worksheets,110,,no
75,Periodic Table Cheat Sheet - First 20 Elements Guide,/guides/periodic-table-cheat-sheet,guide,periodic table,high school,110,110,11,first 20 elements of the periodic table with symbols,10,first 20 elements of the periodic table with atomic mass | first 20 elements of the periodic table with names | periodic table first 20 elements with symbols | first 20 elements with symbols and valency | first 20 elements with symbols and atomic number | first 20 elements with atomic mass and valency | first 20 elements diagram | atomic mass of first 30 elements without decimals | first 20 elements with atomic number and mass number | 1 to 20 elements name,no
76,Writing Chemical Equations Practice - Worksheets,/guides/writing-chemical-equations-practice,guide,chemical formulas/naming,high school,110,90,11,writing chemical equations worksheet with answers,10,word equation to chemical equations worksheet with answers | writing chemical equations from word problems worksheet pdf | writing chemical equations practice worksheet | writing chemical equations worksheet pdf | writing chemical equations worksheet answers pdf | writing chemical equations worksheet doc | writing chemical equations from word equations worksheet answers | writing chemical formula worksheet with answers | word equations worksheet with answers | writing word equations worksheet,no
77,Organic Chemistry Naming Quiz - Free Nomenclature Game,/games/organic-chemistry-naming-quiz,game,organic,college,100,30,3,orgo or ochem,40,organic chemistry naming quiz | organic chemistry practice quiz,no
78,Moles Quiz - Free Online Chemistry Practice Game,/games/moles-quiz,game,stoichiometry/moles,high school,100,50,5,mole chemistry quiz,20,moles quiz chemistry | mole quiz chemistry | chemistry moles quiz | chemistry quiz moles,no
79,Solutions Quiz - Free Online Chemistry Practice Game,/games/solutions-quiz,game,general chemistry,high school,100,0,5,chemistry quiz solutions,20,solution quiz chemistry | chemistry solutions quiz | solutions quiz chemistry | chemistry solution quiz,no
80,Chemistry Practice Problems - Free Online Exercises,/guides/chemistry-practice,guide,general chemistry,high school,90,10,1,khan academy chemistry practice problems,90,,no
81,Periodic Table Reference - Free PDF Download,/guides/periodic-table-reference,guide,periodic table,high school,90,0,1,ap chemistry periodic table pdf,90,,no
82,Functional Groups Quiz - Free Organic Chemistry Game,/games/functional-groups-quiz,game,organic,college,80,20,2,chemistry functional groups quiz,40,functional groups chemistry quiz,no
83,Solutions Chemistry Worksheets - Free PDF Printables,/guides/solutions-worksheets,guide,general chemistry,high school,80,20,2,solutions chemistry worksheets,40,chemistry solutions worksheets,no
84,Acids & Bases Game - Titration Curve Simulation,/games/acids-bases-game,game,acids & bases,high school,70,10,1,titration curve simulation,70,,no
85,Science Simulation Online - Free Chemistry Labs,/games/science-simulation-online,game,general chemistry,general,70,10,1,science simulation online,70,,no
86,Fun Chemistry Review Games for the Classroom,/blog/chemistry-review-games,blog,general chemistry,teacher,70,40,7,chemistry review games jeopardy,10,chemistry classroom games | classroom chemistry games | fun chemistry review games | chemistry games to play in class | chemistry board games ideas | chemistry regents review games,no
87,Periodic Table Practice - Test Questions & Answers,/guides/periodic-table-practice,guide,periodic table,high school,70,40,7,periodic table questions and answers pdf class 10,10,periodic table exam questions pdf | periodic table multiple choice questions and answers pdf | periodic table multiple choice questions and answers doc | periodic table test questions and answers | chapter test the periodic table | periodic table test doc,no
88,General Chemistry Quiz - Free Practice with Answers,/guides/general-chemistry-quiz,guide,general chemistry,high school,60,10,3,general chemistry quiz,40,general chemistry quiz with answers pdf | physical chemistry quiz questions and answers pdf,no
89,Matter Quiz - Free Online Chemistry Game,/games/matter-quiz,game,general chemistry,middle school,60,0,3,chemistry matter quiz,20,chemistry quiz on matter | matter chemistry quiz,no
90,General Chemistry Guide - Everything Beginners Need,/guides/general-chemistry-guide,guide,general chemistry,high school,60,30,3,chemistry for dummies youtube,20,chemistry for beginners pdf notes | everything you need to know about chemistry pdf,no
91,Chemical Bonding Cheat Sheet - Ionic & Covalent Guide,/guides/bonding-cheat-sheet,guide,bonding,high school,50,10,1,10 examples of ionic compounds in everyday life,50,,yes
92,Ions Quiz - Free Online Chemistry Game,/games/ions-quiz,game,chemical formulas/naming,high school,50,20,3,chemistry ions quiz,20,chemistry ion quiz | ions quiz chemistry answers,partial
93,Chemistry Games Ideas - Printable Classroom Activities,/blog/chemistry-games-ideas,blog,general chemistry,teacher,50,40,5,creative chemistry board games,10,chemistry games printable | chemistry games in classroom | printable chemistry games | chemistry games ideas,no
94,Balancing Chemical Equations Worksheet - Free PDF,/guides/balancing-chemical-equations-worksheet,guide,balancing equations,high school,50,40,5,balancing chemical equations worksheet simple,10,gcse chemistry balancing equations worksheet and answers pdf | 50 examples of balanced chemical equations with answers class 7 | 100 examples of balanced chemical equations with answers pdf | writing and balancing chemical equations worksheet pdf,yes
95,Chemistry Bonding Game - Free Online Practice,/games/bonding-game,game,bonding,high school,40,10,1,chemistry bonding games,40,,no
96,Half-Life Chemistry Practice Problems - Free Game,/games/half-life-practice,game,general chemistry,high school,40,10,1,half-life chemistry practice problems,40,,no
97,Gas Laws Practice Problems - Free Chemistry Game,/games/gas-laws-practice,game,general chemistry,high school,40,0,1,ap chemistry gas laws practice problems,40,,no
98,Solutions Chemistry Quiz - Free Online Game,/games/solutions-chemistry-quiz,game,stoichiometry/moles,high school,40,0,2,solutions chemistry quiz,20,solution chemistry quiz,no
99,Stoichiometry Cheat Sheet - Conversion Chart Guide,/guides/stoichiometry-cheat-sheet,guide,stoichiometry/moles,high school,40,20,2,chemistry stoichiometry cheat sheet,20,chemistry conversion chart cheat sheet,no
100,Organic Chemistry Games Online - Naming & Learning,/games/organic-chemistry-games,game,organic,college,40,10,4,organic chemistry learning games,10,fun organic chemistry games | organic chemistry naming games | organic chemistry games online,no
101,Simple Chemistry Games - Free for Beginners & Kids,/games/chemistry-games-beginners,game,general chemistry,middle school,40,30,4,basic chemistry games,10,chemistry games for beginners | simple chemistry games | chemistry games for elementary students,no
102,Organic Chemistry Quiz - Functional Groups & More,/games/organic-chemistry-quizzes,game,organic,college,40,20,4,ir quiz organic chemistry,10,functional groups in organic chemistry quiz | chemistry hydrocarbons quiz | organic chemistry quiz with answers pdf,no
103,Periodic Table Game Ideas for the Classroom,/blog/periodic-table-game-ideas,blog,periodic table,teacher,40,30,4,periodic table game ideas,10,periodic table board game ideas | how to make a periodic table board game | periodic table board game project,no
104,Acids & Bases Cheat Sheet - Quick Reference Guide,/guides/acids-bases-cheat-sheet,guide,acids & bases,high school,30,0,1,ap chemistry acids and bases practice test,30,,yes
105,Periodic Table Fun Activities & Games for Students,/blog/periodic-table-games-students,blog,periodic table,teacher,30,10,1,periodic table fun activities,30,,no
106,Chemistry Review Games Online - Free for Finals,/games/chemistry-review-games,game,general chemistry,high school,30,0,3,ap chemistry review games,10,chemistry final exam review games | chemistry review games online,partial
107,How to Make Chemistry Flashcards - Study Guide,/guides/make-chemistry-flashcards,guide,organic,college,30,10,3,how to make flashcards for organic chemistry,10,how to make flashcards for chemistry | how to make organic chemistry flashcards,no
108,Virtual Chemistry Lab - Free Online Simulations,/games/virtual-chemistry-lab,game,lab safety,high school,30,20,3,online science lab simulations,10,virtual chemistry lab free download | virtual chemistry lab titration,no
109,Molecule Building Game - Build & Explore Chemistry,/games/molecule-building-game,game,bonding,middle school,20,10,1,molecule maker game,20,,partial
110,Best Chemistry Games - Our Top Picks,/blog/best-chemistry-games,blog,general chemistry,general,20,20,2,best chemistry games,10,chemistry games reddit,no
111,Types of Chemical Reactions Quiz - Free Game,/games/types-chemical-reactions-quiz,game,reaction types,high school,20,0,2,chemical equations and reactions section quiz types of chemical reactions,10,types of chemical reactions quiz with answers,partial
112,Periodic Table Project Ideas - PDF & 3D Projects,/blog/periodic-table-project,blog,periodic table,teacher,20,10,2,periodic table project pdf,10,periodic table project 3d,no
113,Naming Acids & Bases Practice Worksheet - Free,/guides/naming-acids-bases-practice,guide,acids & bases,high school,10,0,1,naming acids and bases practice worksheet,10,,partial
114,Naming Organic Compounds Game - Free Practice,/games/naming-organic-compounds,game,organic,high school,10,10,1,naming organic compounds game,10,,no
115,Best Chemistry Apps for Students,/blog/chemistry-apps-students,blog,general chemistry,high school,10,10,1,chemistry apps for students,10,,no
116,Periodic Trends Quiz - Free Chemistry Game,/games/periodic-trends-quiz,game,periodic table,high school,10,0,1,periodic trends quiz with answers,10,,no
