domain,type,keywords_ranked_in_serps,query_groups,avg_rank,best_rank,weighted_score,volume_captured,ranked_keywords_pulled,relevant_keywords_pulled,sample_urls,notes
youtube.com,reference,53,17,6.5,2,237,246420,0,0,https://www.youtube.com/watch?v=FuVp0ag9_GI | https://www.youtube.com/watch?v=_c6wm4jl8BU | https://www.youtube.com/watch?v=6siOk-aWoPI,Ranks on 53 of 48 SERP slots — video dominates how-to/balance intent
reddit.com,reference,16,11,6.7,2,69,91600,0,0,https://www.reddit.com/r/chemhelp/comments/1etsh4s/how_do_i_understand_balancing_chemical_equations/ | https://www.reddit.com/r/chemhelp/comments/1etsh4s/how_do_i_understand_balancing_chemical_equations/ | https://www.reddit.com/r/chemhelp/comments/v1s2v6/how_do_i_balance_chemical_equations/,Ranks on 11 query groups — recommendation threads for 'chemistry games'
pearson.com,reference,12,9,7.0,1,48,203610,0,0,https://www.pearson.com/channels/intro-to-chemistry/study-guides/writing-and-predicting-chemical-formulas-stoichiometry-and | https://www.pearson.com/channels/calculators/balance-chemical-equation-calculator | https://www.pearson.com/channels/intro-to-chemistry/study-guides/patterns-of-chemical-reactivity-the-five-types,#1 'chemical equation balancer' with a calculator page
quizlet.com,quiz-platform,21,8,5.3,1,120,52220,966,691,https://quizlet.com/29001532/types-of-chemical-reactions-flash-cards/ | https://quizlet.com/29001532/types-of-chemical-reactions-flash-cards/ | https://quizlet.com/29001532/types-of-chemical-reactions-flash-cards/,"Flashcards/quiz giant, #1 'chemistry flashcards'; 48k chem kws — study-set format"
khanacademy.org,edu-platform,19,8,6.8,1,79,95290,824,574,https://www.khanacademy.org/test-prep/mcat/physical-processes/copy-of-balancing-chemical-equations/e/balancing_chemical_equations | https://www.khanacademy.org/test-prep/mcat/physical-processes/copy-of-balancing-chemical-equations/v/balancing-more-complex-chemical-equation | https://www.khanacademy.org/test-prep/mcat/physical-processes/copy-of-balancing-chemical-equations/v/balancing-more-complex-chemical-equation,"Video+practice giant, ranks broadly on guide intent"
chemquiz.net,direct,8,8,2.8,1,66,54890,752,742,https://chemquiz.net/bal/ | https://chemquiz.net/quizzes/ | https://chemquiz.net/bal/,"Pure chemistry quiz engine, #1 'chemistry quiz'; 3.9k ranked kws — closest functional twin to ChemGames"
chem.libretexts.org,reference,9,8,5.8,3,47,96590,757,727,https://chem.libretexts.org/Courses/Anoka-Ramsey_Community_College/Introduction_to_Chemistry/07%3A_Chemical_Reactions/7.04%3A_Balancing_Chemical_Equations | https://chem.libretexts.org/Courses/Anoka-Ramsey_Community_College/Introduction_to_Chemistry/07%3A_Chemical_Reactions/7.04%3A_Balancing_Chemical_Equations | https://chem.libretexts.org/Courses/Valley_City_State_University/Chem_121/Chapter_5%3A_Introduction_to_Redox_Chemistry/5.3%3A_Types_of_Chemical_Reactions,"Open textbook, 63k chem kws — dominates definitional/reference intent"
play.google.com,reference,16,7,4.6,2,103,62040,0,0,https://play.google.com/store/apps/details?id=com.kharblabs.balancer.equationbalancer&hl=en_US | https://play.google.com/store/apps/details?id=com.maple.periodictablequiz&hl=en_US | https://play.google.com/store/apps/details?id=com.maple.periodictablequiz&hl=en_US,
scichamp.com,direct,6,6,3.3,2,46,10990,204,202,https://scichamp.com/chemistry-games/ | https://scichamp.com/chemistry-games/ | https://scichamp.com/chemistry-games/,Free online chemistry games for middle/high school — direct format + audience match
phet.colorado.edu,direct,5,5,1.6,1,47,55100,341,319,https://phet.colorado.edu/sims/html/balancing-chemical-equations/latest/balancing-chemical-equations_en.html | https://phet.colorado.edu/sims/html/balancing-chemical-equations/latest/balancing-chemical-equations_en.html | https://phet.colorado.edu/sims/html/balancing-chemical-equations/latest/balancing-chemical-equations_en.html,"#1 on every simulation query (balancing equations, pH scale, states of matter); .edu authority"
en.wikipedia.org,reference,8,5,5.2,2,46,4254300,0,0,https://en.wikipedia.org/wiki/Periodic_table | https://en.wikipedia.org/wiki/Chemical_formula | https://en.wikipedia.org/wiki/Chemical_reaction,Reference giant on periodic table/element terms
interactivechemistry.org,direct,5,5,2.8,1,41,14100,284,276,https://interactivechemistry.org/ | https://interactivechemistry.org/ | https://interactivechemistry.org/,#1 for chemistry games/high school/online/free — THE head-on rival; playable browser chemistry games
sciencetrek.org,direct,5,5,4.8,2,31,9090,113,90,https://sciencetrek.org/topics/chemistry/games | https://sciencetrek.org/topics/chemistry/games | https://sciencetrek.org/topics/chemistry/games,"Broad science game hub (IdahoPTV), ranks on chemistry games + states of matter"
teacherspayteachers.com,edu-platform,5,5,6.4,2,23,6210,500,396,https://www.teacherspayteachers.com/browse/hands-on-activities/games/high-school/9th-grade/science/chemistry/free | https://www.teacherspayteachers.com/browse/hands-on-activities/games/science/chemistry/free | https://www.teacherspayteachers.com/Browse/Search:chemistry+cheat+sheet/Price-Range/Free?ref=filter/price,Teacher marketplace — owns 'free chemistry games' teacher intent
pinterest.com,reference,5,5,8.8,8,11,17000,0,0,https://www.pinterest.com/pin/440649144792444125/ | https://www.pinterest.com/ideas/chemistry-games-high-schools/895985831300/ | https://www.pinterest.com/ideas/chemistry-cheat-sheet/905804390095/,
sporcle.com,quiz-platform,13,4,1.4,1,125,16320,1040,609,https://www.sporcle.com/games/g/elements | https://www.sporcle.com/games/g/elements | https://www.sporcle.com/games/g/elements,"Quiz giant, #1 'periodic table quiz'; avg rank 1.4 across quiz SERPs"
britannica.com,reference,13,4,2.3,2,113,29020,0,0,https://www.britannica.com/science/chemistry | https://www.britannica.com/quiz/periodic-table-of-the-elements | https://www.britannica.com/quiz/periodic-table-of-the-elements,Ranks #2-3 on quiz queries with its own quiz format
scribd.com,reference,4,4,6.0,2,20,131800,0,0,https://www.scribd.com/document/881338980/Basic-Chemistry-Formulas | https://www.scribd.com/document/823564951/AP-Chemistry-Periodic-Table-and-Formula-Sheet-2024 | https://www.scribd.com/document/151690549/Chemistry-Cheat-Sheet,
acs.org,reference,4,4,7.0,2,16,4111900,0,0,https://www.acs.org/education/whatischemistry/periodictable.html | https://www.acs.org/content/dam/acsorg/education/whatischemistry/periodic-table-of-elements/acs-periodic-table-poster_download.pdf | https://www.acs.org/education/whatischemistry/adventures-in-chemistry/games.html,
learnwithdrscott.com,edu-platform,4,4,9.2,7,7,26480,0,0,https://learnwithdrscott.com/polyatomic-ions-list-and-worksheet/ | https://learnwithdrscott.com/games-for-school-educational-games/ | https://learnwithdrscott.com/games-for-school-educational-games/,
labxchange.org,edu-platform,9,3,6.3,3,42,24310,500,475,https://www.labxchange.org/library/items/lb:LabXchange:4b77c6db:html:1 | https://www.labxchange.org/library/items/lb:LabXchange:4b77c6db:html:1 | https://www.labxchange.org/library/items/lb:LabXchange:4b77c6db:html:1,Harvard interactive science assets (pH Scale)
apcentral.collegeboard.org,edu-platform,3,3,2.7,2,25,36100,0,0,https://apcentral.collegeboard.org/media/pdf/ap-chemistry-equations-sheet.pdf | https://apcentral.collegeboard.org/media/pdf/chemistry-periodic-table-2020.pdf | https://apcentral.collegeboard.org/media/pdf/chemistry-periodic-table-2020.pdf,
teachchemistry.org,edu-platform,3,3,5.3,3,17,8220,700,641,https://teachchemistry.org/classroom-resources/games | https://teachchemistry.org/classroom-resources/games | https://teachchemistry.org/classroom-resources/games,"AACT teacher resources — classroom games, owns teacher intent"
albert.io,edu-platform,3,3,5.7,3,16,21300,0,0,https://www.albert.io/blog/ap-chemistry-cheat-sheets/ | https://www.albert.io/blog/what-is-stoichiometry-examples-and-practice/ | https://www.albert.io/blog/ap-chemistry-cheat-sheets/,
littlealchemy.com,quiz-platform,3,3,5.7,3,16,7400,0,0,https://littlealchemy.com/ | https://littlealchemy.com/ | https://littlealchemy.com/,
helpfulgames.com,direct,3,3,7.0,5,12,2100,36,6,https://www.helpfulgames.com/subjects/chemistry/ | https://www.helpfulgames.com/subjects/chemistry/ | https://www.helpfulgames.com/subjects/chemistry/,Generic free online practice games incl. chemistry
jetpunk.com,quiz-platform,11,2,5.3,3,63,7320,561,418,https://www.jetpunk.com/quizzes/name-the-elements | https://www.jetpunk.com/quizzes/name-the-elements | https://www.jetpunk.com/quizzes/name-the-elements,"Trivia quiz platform, periodic table quizzes"
geoguessr.com,quiz-platform,11,2,7.3,2,41,12000,700,275,https://www.geoguessr.com/vgp/3829 | https://www.geoguessr.com/vgp/3829 | https://www.geoguessr.com/vgp/3829,Unexpected — its map-quiz engine ranks #2 'periodic table game'
funbrain.com,direct,8,2,7.5,1,28,12000,315,245,https://www.funbrain.com/games/periodic-table-game | https://www.funbrain.com/games/periodic-table-game | https://www.funbrain.com/games/periodic-table-game,#1 'periodic table game' via one game (Proton Don) — proves a single strong game page wins
chadsprep.com,edu-platform,8,2,8.1,7,23,23800,0,0,https://www.chadsprep.com/chads-high-school-chemistry-videos/how-to-balance-chemical-equations/ | https://www.chadsprep.com/chads-high-school-chemistry-videos/how-to-balance-chemical-equations/ | https://www.chadsprep.com/chads-high-school-chemistry-videos/how-to-balance-chemical-equations/,
ptable.com,reference,2,2,2.5,2,17,4099900,0,0,https://ptable.com/?lang=en | https://ptable.com/print/periodic-table.pdf,Owns the 'periodic table' head term interactive table
amazon.com,reference,2,2,4.0,3,14,8200,0,0,https://www.amazon.com/stores/GENIUSGAMES/page/DD12275A-3097-4771-AD9D-1256C06662F9 | https://www.amazon.com/chemistry-flash-cards/s?k=chemistry+flash+cards,
pubchem.ncbi.nlm.nih.gov,reference,2,2,4.5,3,13,4099900,0,0,https://pubchem.ncbi.nlm.nih.gov/periodic-table/ | https://pubchem.ncbi.nlm.nih.gov/periodic-table/,
masterorganicchemistry.com,edu-platform,2,2,5.0,5,12,2990,0,0,https://www.masterorganicchemistry.com/organic-chemistry-practice-problems/acid-base-practice-problems/ | https://www.masterorganicchemistry.com/organic-chemistry-practice-problems/,
chem.purdue.edu,reference,2,2,5.5,2,11,12300,0,0,https://www.chem.purdue.edu/gchelp/nomenclature/poly_atom.htm | https://www.chem.purdue.edu/vsepr/practice.html,
proprofs.com,quiz-platform,4,2,8.2,7,11,10200,1042,513,https://www.proprofs.com/quiz-school/story.php?title=periodic-table_224qo | https://www.proprofs.com/quiz-school/story.php?title=periodic-table_224qo | https://www.proprofs.com/quiz-school/story.php?title=periodic-table_224qo,Quiz-maker platform with chemistry quiz library
chemistrysky.com,direct,2,2,6.5,2,9,4000,0,0,http://chemistrysky.com/Resources%20for%20MCTC/Practice%20Problems/Naming%20Compounds%20Practice.pdf | http://chemistrysky.com/Practice%20Problems.html,
byjus.com,reference,3,2,8.3,7,8,36200,0,0,https://byjus.com/chemistry/types-of-chemical-reactions/ | https://byjus.com/chemistry/types-of-chemical-reactions/ | https://byjus.com/chemistry/polyatomic-ions-list/,
periodictable.one,direct,2,2,7.0,4,8,7320,925,925,https://www.periodictable.one/quiz | https://www.periodictable.one/quiz/symbol,"Single-topic periodic table tool site, 8.8k ranked kws — element-page playbook"
superprof.com,edu-platform,4,2,9.2,4,7,10200,0,0,https://www.superprof.com/blog/periodic-table-quiz/ | https://www.superprof.com/blog/periodic-table-quiz/ | https://www.superprof.com/blog/periodic-table-quiz/,
thoughtco.com,reference,4,2,9.5,4,6,21000,0,0,https://www.thoughtco.com/number-of-chemical-reaction-types-604041 | https://www.thoughtco.com/number-of-chemical-reaction-types-604041 | https://www.thoughtco.com/number-of-chemical-reaction-types-604041,
leah4sci.com,edu-platform,2,2,8.0,8,6,2490,0,0,https://leah4sci.com/stoichiometry-and-reactions-practice-problems-for-mcat-chemistry/ | https://leah4sci.com/acids-and-bases-in-organic-chemistry/,
collegeprep.uworld.com,edu-platform,2,2,8.5,6,5,26200,0,0,https://collegeprep.uworld.com/ap/ap-chemistry/formula-sheet-and-periodic-table/ | https://collegeprep.uworld.com/ap/ap-chemistry/formula-sheet-and-periodic-table/,
breakingatom.com,direct,2,2,9.0,7,4,12000,0,0,https://www.breakingatom.com/periodic-table-games | https://www.breakingatom.com/periodic-table-games,
mychemistryclass.net,edu-platform,2,2,9.5,7,3,26200,0,0,https://www.mychemistryclass.net/APreferencesheets.html | https://www.mychemistryclass.net/APreferencesheets.html,
njctl.org,edu-platform,2,2,9.5,9,3,2490,0,0,https://njctl.org/classroom/classrooms/ACAMEK/50170/attachments/(784551 | https://njctl.org/materials/resources/acids-bases-practice-problems-1-8583/attachments/,
varsitytutors.com,edu-platform,2,2,10.0,9,2,6000,0,0,https://www.varsitytutors.com/practice/subjects/ap-chemistry | https://www.varsitytutors.com/practice/subjects/ap-chemistry,
cen.acs.org,reference,10,1,5.5,4,55,6600,0,0,https://cen.acs.org/education/science-communication/periodic-table-challenge/104/web/2026/02 | https://cen.acs.org/education/science-communication/periodic-table-challenge/104/web/2026/02 | https://cen.acs.org/education/science-communication/periodic-table-challenge/104/web/2026/02,
gchem.cm.utexas.edu,reference,2,1,2.0,2,18,18100,0,0,https://gchem.cm.utexas.edu/canvas.php?target=bonding/ionic/polyatomic-ions.html | https://gchem.cm.utexas.edu/canvas.php?target=bonding/ionic/polyatomic-ions.html,
chemistrytalk.org,edu-platform,3,1,6.3,4,14,18100,815,770,https://chemistrytalk.org/types-of-chemical-reactions/ | https://chemistrytalk.org/types-of-chemical-reactions/ | https://chemistrytalk.org/types-of-chemical-reactions/,"Chemistry content site, 32k ranked kws — the guide/cheat-sheet content playbook"
chemistrylearner.com,reference,1,1,1.0,1,10,2900,0,0,https://www.chemistrylearner.com/worksheets,
breslyn.org,edu-platform,1,1,2.0,2,9,1600,912,910,https://www.breslyn.org/naming/,"Teacher-built chemistry how-to site, 2.4k kws on formula/naming long tail"
studystack.com,quiz-platform,1,1,2.0,2,9,1600,0,0,https://www.studystack.com/Chemistry,
purposegames.com,quiz-platform,1,1,2.0,2,9,210,891,208,https://www.purposegames.com/game/using-the-ph-scale,"User-made quiz platform, ranks pH scale quiz"
simpop.org,direct,1,1,3.0,3,8,1900,147,144,https://simpop.org/reactions/reactions.htm,Chemistry simulators (balancing equations simulator)
scigames.org,direct,1,1,3.0,3,8,390,33,33,https://www.scigames.org/game.php?id=mattersorter3d,Science mini-games (Matter Sorter)
realochem.study,reference,1,1,3.0,3,8,2400,0,0,https://realochem.study/,
studocu.com,reference,1,1,4.0,4,7,1300,0,0,https://www.studocu.com/en-us/document/university-of-louisville/intro-to-chemistry/chem-101-cheat-sheet-chem-101/40546369,
chemistry.coach,edu-platform,1,1,4.0,4,7,590,0,0,https://chemistry.coach/general-chemistry-3/the-properties-of-acids-and-bases/quiz/50,
mometrix.com,edu-platform,5,1,9.8,9,6,22200,0,0,https://www.mometrix.com/academy/how-to-balance-a-chemical-equation/ | https://www.mometrix.com/academy/how-to-balance-a-chemical-equation/ | https://www.mometrix.com/academy/how-to-balance-a-chemical-equation/,
chem.washington.edu,reference,1,1,5.0,5,6,18100,0,0,https://chem.washington.edu/about-chemistry,
nist.gov,reference,1,1,5.0,5,6,9900,0,0,https://www.nist.gov/pml/periodic-table-elements,
coolperiodictable.com,direct,1,1,5.0,5,6,5400,879,877,https://www.coolperiodictable.com/games/periodictablegames.php,Periodic table games/tools microsite
toomey.org,reference,1,1,5.0,5,6,1300,0,0,http://www.toomey.org/tutor/chemistry.html,
bbc.co.uk,reference,1,1,5.0,5,6,1600,0,0,https://www.bbc.co.uk/bitesize/articles/z9m7b7h,
wordwall.net,quiz-platform,1,1,5.0,5,6,390,875,352,https://wordwall.net/en-pe/community/states-of-matter,Teacher-made interactive activity platform
etutorworld.com,reference,1,1,5.0,5,6,2900,0,0,https://www.etutorworld.com/high-school-chemistry-worksheets.html,
periodic-table.rsc.org,reference,1,1,6.0,6,5,4090000,0,0,https://periodic-table.rsc.org/,
nde-ed.org,reference,1,1,6.0,6,5,110000,0,0,https://www.nde-ed.org/Physics/AtomElements/chemicalformula.xhtml,
chemicalaid.com,direct,1,1,6.0,6,5,40500,773,773,https://www.chemicalaid.com/tools/equationbalancer.php?hl=en,"Equation balancer + calculators, 16k ranked kws — utility-tool playbook"
instructables.com,reference,5,1,10.0,7,5,22200,0,0,https://www.instructables.com/How-to-Balance-a-Chemical-Equation-1/ | https://www.instructables.com/How-to-Balance-a-Chemical-Equation-1/ | https://www.instructables.com/How-to-Balance-a-Chemical-Equation-1/,
fredonia.edu,reference,1,1,6.0,6,5,18100,0,0,https://www.fredonia.edu/academics/insights/what-chemistry,
bozemanscience.com,edu-platform,1,1,6.0,6,5,12100,0,0,http://www.bozemanscience.com/beginners-guide-balancing-equations,
washingtontimes.com,reference,1,1,6.0,6,5,3600,0,0,https://www.washingtontimes.com/quiz/2018/dec/26/can-you-pass-general-chemistry-test/?srsltid=AfmBOop84aNgu8GD1vB_e1WLxO70axUFt1JrykP6f5pTNPLXWPgjDhSz,
ai.varsitytutors.com,reference,1,1,6.0,6,5,5400,0,0,https://ai.varsitytutors.com/tools/periodic-table-game,
dummies.com,reference,1,1,6.0,6,5,1300,0,0,https://www.dummies.com/article/academics-the-arts/science/chemistry/chemistry-for-dummies-cheat-sheet-208625/,
chem-textbook.ucalgary.ca,reference,1,1,6.0,6,5,2400,0,0,https://chem-textbook.ucalgary.ca/version2/chapter-7a-main/lewis-symbols-and-structures/lewis-structure-practice/,
chemamaze.pkc.org.in,reference,1,1,6.0,6,5,210,0,0,https://chemamaze.pkc.org.in/game/ph-scale/,
abcya.com,quiz-platform,1,1,6.0,6,5,390,0,0,https://www.abcya.com/games/states_of_matter,
wayground.com,reference,1,1,6.0,6,5,2900,0,0,https://wayground.com/en-us/chemistry-worksheets-grade-10,
energy.gov,reference,1,1,7.0,7,4,9900,0,0,https://www.energy.gov/sites/prod/files/2020/07/f76/The%20Periodic%20Table%20of%20Elements.pdf,
gizmos.explorelearning.com,reference,1,1,7.0,7,4,1900,0,0,https://gizmos.explorelearning.com/find-gizmos/lesson-info?resourceId=408,
modelscience.com,direct,1,1,7.0,7,4,720,0,0,https://modelscience.com/PeriodicTableQuiz.html,
cliffsnotes.com,reference,1,1,7.0,7,4,1300,0,0,https://www.cliffsnotes.com/test-prep/high-school/tools-and-resources/chemistry-cheat-sheet,
brainscape.com,reference,1,1,7.0,7,4,1600,0,0,https://www.brainscape.com/subjects/chemistry,
globe.gov,reference,1,1,7.0,7,4,210,0,0,https://www.globe.gov/documents/11865/354450/The+pH+Game/1d1cdb23-f28c-4202-9546-8473f5252f1b,
web.colby.edu,reference,1,1,7.0,7,4,2400,0,0,https://web.colby.edu/ch141/sample-exams/,
uidaho.edu,reference,1,1,8.0,8,3,18100,0,0,https://www.uidaho.edu/newsroom/blog/what-is-chemistry,
oercommons.org,reference,1,1,8.0,8,3,8100,0,0,https://oercommons.org/courseware/lesson/134410/overview,
sciencekids.co.nz,reference,1,1,8.0,8,3,480,0,0,https://www.sciencekids.co.nz/chemistry.html,
chemistrysteps.com,reference,1,1,8.0,8,3,2400,0,0,https://www.chemistrysteps.com/organic-chemistry-practice-problems/,
inl.gov,reference,1,1,9.0,9,2,4090000,0,0,https://inl.gov/periodic-table/,
blog.prepscholar.com,reference,1,1,9.0,9,2,18100,0,0,https://blog.prepscholar.com/ap-chem-formula-sheet,
iupac.org,reference,1,1,9.0,9,2,9900,0,0,https://iupac.org/what-we-do/periodic-table-of-elements/,
buzzfeed.com,reference,1,1,9.0,9,2,6600,0,0,https://www.buzzfeed.com/globeflyer/periodic-element-personality-quiz,
chemedx.org,reference,1,1,9.0,9,2,1300,0,0,https://www.chemedx.org/chemed-x-talk/collisions-chemistry-learning-games-high-school-and-college-students-jen-lee,
legendsoflearning.com,reference,1,1,9.0,9,2,480,0,0,https://www.legendsoflearning.com/learning-objectives/chemical-reactions-science-games/,
elemingle.com,reference,1,1,9.0,9,2,5400,0,0,https://elemingle.com/,
construct.net,reference,1,1,9.0,9,2,210,0,0,https://www.construct.net/en/free-online-games/ph-scale-matrix-quiz-41132/play,
free-learning-games.com,reference,1,1,9.0,9,2,390,0,0,https://www.free-learning-games.com/en/game/2006,
chem.tamu.edu,reference,1,1,9.0,9,2,2400,0,0,https://www.chem.tamu.edu/class/fyp/mcquest/mcquest.html,
pathwaystochemistry.com,reference,1,1,9.0,9,2,2900,0,0,https://pathwaystochemistry.com/worksheets/general-chemistry-1-worksheets/,
baristahustle.com,reference,1,1,10.0,10,1,110000,0,0,https://www.baristahustle.com/how-to-read-chemical-equations/,
uniboardhub.com,reference,2,1,10.5,10,1,18100,0,0,https://uniboardhub.com/blog/types-of-chemical-reactions-explained-with-real-life-examples | https://uniboardhub.com/blog/types-of-chemical-reactions-explained-with-real-life-examples,
sciencenotes.org,reference,1,1,10.0,10,1,9900,0,0,https://sciencenotes.org/printable-periodic-tables-118-elements/,
turito.com,reference,1,1,10.0,10,1,8100,0,0,https://www.turito.com/blog/ap/ap-chem-formula-sheet,
discovertutoring.co.uk,reference,1,1,10.0,10,1,3600,0,0,https://discovertutoring.co.uk/quiz/chemistry/,
knowledge.carolina.com,reference,1,1,10.0,10,1,1900,0,0,https://knowledge.carolina.com/discipline/physical-science/chemistry/balancing-chemical-equations/,
bootcamp.com,reference,1,1,10.0,10,1,1300,0,0,https://bootcamp.com/blog/general-chemistry-equation-sheet,
study.com,reference,1,1,10.0,10,1,1600,0,0,https://study.com/academy/course/chemistry-flashcards.html,
planeta42.com,reference,1,1,10.0,10,1,210,0,0,https://planeta42.com/chemistry/phpuzzle/,
ecosystemforkids.com,reference,1,1,10.0,10,1,390,0,0,https://www.ecosystemforkids.com/games/2nd-grade/state-of-matter/activity.html,
www2.chemistry.msu.edu,reference,1,1,10.0,10,1,2400,0,0,https://www2.chemistry.msu.edu/faculty/reusch/virttxtjml/questions/problems.htm,
edplace.com,reference,1,1,10.0,10,1,2900,0,0,https://www.edplace.com/popular_topic/science/chemistry,
siyavula.com,reference,1,1,11.0,11,0,110000,0,0,https://www.siyavula.com/info/chemistry-formulas,
planetcalc.com,reference,1,1,11.0,11,0,40500,0,0,https://planetcalc.com/6145/,
science.howstuffworks.com,reference,3,1,11.0,11,0,6600,0,0,https://science.howstuffworks.com/periodic-table-quiz.htm | https://science.howstuffworks.com/periodic-table-quiz.htm | https://science.howstuffworks.com/periodic-table-quiz.htm,
itch.io,reference,1,1,11.0,11,0,320,0,0,https://itch.io/games/free/tag-chemistry,
pasco.com,reference,3,1,11.7,11,-2,22200,0,0,https://www.pasco.com/curriculum/essential-chemistry/BookInd-2106?srsltid=AfmBOorh-k-O82RoOWsY3VETlqENPjhfsYRMmU5-BTGr8jcX99vnigyy | https://www.pasco.com/curriculum/essential-chemistry/BookInd-2106?srsltid=AfmBOor5a63FNCOKuh1y2Vc0i7Pj2yoPQ6Ukl9JdJK2K5BKisOUVzrMY | https://www.pasco.com/curriculum/essential-chemistry/BookInd-2106?srsltid=AfmBOoq9waECofwNNSs6g9U-klV0AZSgUXD7G2myVCerg9YzvfeBJVWX,
flexbooks.ck12.org,reference,3,1,12.0,12,-3,22200,0,0,https://flexbooks.ck12.org/cbook/cbse-chemistry-class-10/section/1.3/primary/lesson/balancing-chemical-equations/ | https://flexbooks.ck12.org/cbook/cbse-chemistry-class-10/section/1.3/primary/lesson/balancing-chemical-equations/ | https://flexbooks.ck12.org/cbook/cbse-chemistry-class-10/section/1.3/primary/lesson/balancing-chemical-equations/,
