from_slug,to_slug,link_type
/blog/best-chemistry-games,/games,spoke->hub
/blog/chemistry-apps-students,/cheat-sheets,spoke->hub
/blog/chemistry-games-ideas,/blog/chemistry-review-games,related
/blog/chemistry-games-ideas,/guides/periodic-table-worksheet,spoke->hub
/blog/chemistry-of-everyday-life,/blog/fun-chemistry-facts,related
/blog/chemistry-of-everyday-life,/cheat-sheets,spoke->hub
/blog/chemistry-of-everyday-life,/guides/general-chemistry-guide,related
/blog/chemistry-of-everyday-life,/guides/what-is-chemistry-guide,related
/blog/chemistry-review-games,/blog/chemistry-games-ideas,related
/blog/chemistry-review-games,/guides/periodic-table-worksheet,spoke->hub
/blog/fun-chemistry-facts,/blog/chemistry-of-everyday-life,related
/blog/fun-chemistry-facts,/cheat-sheets,spoke->hub
/blog/fun-chemistry-facts,/guides/general-chemistry-guide,related
/blog/fun-chemistry-facts,/guides/what-is-chemistry-guide,related
/blog/how-to-study-chemistry,/blog/is-chemistry-hard,related
/blog/how-to-study-chemistry,/cheat-sheets,spoke->hub
/blog/is-chemistry-hard,/blog/how-to-study-chemistry,related
/blog/is-chemistry-hard,/cheat-sheets,spoke->hub
/blog/periodic-table-game-ideas,/blog/periodic-table-project,related
/blog/periodic-table-game-ideas,/guides/metals-nonmetals-metalloids-guide,spoke->hub
/blog/periodic-table-project,/blog/periodic-table-game-ideas,related
/blog/periodic-table-project,/guides/metals-nonmetals-metalloids-guide,spoke->hub
/blog/periodic-table-project-ideas,/guides/periodic-table-worksheet,spoke->hub
/cheat-sheets,/blog/chemistry-apps-students,hub->spoke
/cheat-sheets,/blog/chemistry-of-everyday-life,hub->spoke
/cheat-sheets,/blog/fun-chemistry-facts,hub->spoke
/cheat-sheets,/blog/how-to-study-chemistry,hub->spoke
/cheat-sheets,/blog/is-chemistry-hard,hub->spoke
/cheat-sheets,/guides/ap-chemistry-cheat-sheet,guide->cheatsheet
/cheat-sheets,/guides/ap-chemistry-cheat-sheet,hub->spoke
/cheat-sheets,/guides/ap-chemistry-practice,hub->spoke
/cheat-sheets,/guides/chemistry-formulas-cheat-sheet,guide->cheatsheet
/cheat-sheets,/guides/chemistry-formulas-cheat-sheet,hub->spoke
/cheat-sheets,/guides/chemistry-practice-problems,hub->spoke
/cheat-sheets,/guides/chemistry-practice-worksheets,hub->spoke
/cheat-sheets,/guides/chemistry-quiz-questions,hub->spoke
/cheat-sheets,/guides/chemistry-worksheets,hub->spoke
/cheat-sheets,/guides/chemistry-worksheets-with-answers,hub->spoke
/cheat-sheets,/guides/general-chemistry-guide,hub->spoke
/cheat-sheets,/guides/general-chemistry-quiz,hub->spoke
/cheat-sheets,/guides/make-chemistry-flashcards,hub->spoke
/cheat-sheets,/guides/solutions-worksheets,hub->spoke
/cheat-sheets,/guides/what-is-chemistry-guide,hub->spoke
/elements/[element],/guides/first-20-elements-guide,game<->guide
/elements/[element],/guides/metals-nonmetals-metalloids-guide,spoke->hub
/games,/blog/best-chemistry-games,hub->spoke
/games,/games/chemistry-basics-quiz,hub->spoke
/games,/games/chemistry-flashcards,hub->spoke
/games,/games/chemistry-games-beginners,hub->spoke
/games,/games/chemistry-games-for-high-school,hub->spoke
/games,/games/chemistry-quiz,hub->spoke
/games,/games/chemistry-review-games,hub->spoke
/games,/games/general-chemistry-practice,hub->spoke
/games,/games/lab-equipment-quiz,hub->spoke
/games,/games/lab-safety-quiz,hub->spoke
/games,/games/organic-chemistry-games,hub->spoke
/games,/games/science-simulation-online,hub->spoke
/games,/games/virtual-chemistry-lab,hub->spoke
/games/acid-base-titration-simulation,/guides/acids-and-bases-basics,spoke->hub
/games/acid-base-titration-simulation,/guides/titration-curves-lab,game<->guide
/games/acids-and-bases-quiz,/games/acids-bases-ph-titration-game,related
/games/acids-and-bases-quiz,/guides/acids-and-bases-basics,spoke->hub
/games/acids-bases-ph-titration-game,/games/acids-and-bases-quiz,related
/games/acids-bases-ph-titration-game,/guides/acids-and-bases-basics,spoke->hub
/games/atom-structure-parts-game,/games/calculate-protons-neutrons-electrons,related
/games/atom-structure-parts-game,/games/label-the-atom,related
/games/atom-structure-parts-game,/games/subatomic-particles-puzzle,related
/games/atom-structure-parts-game,/guides/atomic-structure-guide,spoke->hub
/games/atom-structure-parts-game,/guides/atomic-structure-practice,game<->guide
/games/balancing-chemical-equations-game,/games/balancing-chemical-equations-worksheet,related
/games/balancing-chemical-equations-game,/guides/balancing-chemical-equations-practice,game<->guide
/games/balancing-chemical-equations-game,/guides/balancing-redox-net-ionic-complex-equations,game<->guide
/games/balancing-chemical-equations-game,/guides/chemical-equation-coefficients-subscripts,game<->guide
/games/balancing-chemical-equations-game,/guides/how-to-balance-chemical-equations,game<->guide
/games/balancing-chemical-equations-game,/guides/types-of-chemical-reactions-guide,spoke->hub
/games/balancing-chemical-equations-game,/reactions/[reaction],related
/games/balancing-chemical-equations-game,/tools/chemical-equation-balancer,related
/games/balancing-chemical-equations-worksheet,/games/balancing-chemical-equations-game,related
/games/balancing-chemical-equations-worksheet,/guides/balancing-chemical-equations-practice,game<->guide
/games/balancing-chemical-equations-worksheet,/guides/balancing-redox-net-ionic-complex-equations,game<->guide
/games/balancing-chemical-equations-worksheet,/guides/chemical-equation-coefficients-subscripts,game<->guide
/games/balancing-chemical-equations-worksheet,/guides/how-to-balance-chemical-equations,game<->guide
/games/balancing-chemical-equations-worksheet,/guides/types-of-chemical-reactions-guide,spoke->hub
/games/balancing-chemical-equations-worksheet,/reactions/[reaction],related
/games/balancing-chemical-equations-worksheet,/tools/chemical-equation-balancer,related
/games/bonding-practice,/games/covalent-ionic-bonds-game,related
/games/bonding-practice,/guides/bonding-basics-guide,game<->guide
/games/bonding-practice,/guides/bonding-cheat-sheet,game<->guide
/games/bonding-practice,/guides/molecular-geometry-vsepr-guide,spoke->hub
/games/build-an-atom-game,/guides/atomic-structure-guide,spoke->hub
/games/calculate-protons-neutrons-electrons,/games/atom-structure-parts-game,related
/games/calculate-protons-neutrons-electrons,/games/label-the-atom,related
/games/calculate-protons-neutrons-electrons,/games/subatomic-particles-puzzle,related
/games/calculate-protons-neutrons-electrons,/guides/atomic-structure-guide,spoke->hub
/games/calculate-protons-neutrons-electrons,/guides/atomic-structure-practice,game<->guide
/games/chemical-formulas-practice,/guides/chemical-formula-empirical-molecular,game<->guide
/games/chemical-formulas-practice,/guides/chemical-formula/[compound],related
/games/chemical-formulas-practice,/guides/what-is-a-compound-chemistry,spoke->hub
/games/chemical-formulas-practice,/guides/writing-chemical-formulas-practice,game<->guide
/games/chemical-reactions-quiz,/guides/types-of-chemical-reactions-guide,spoke->hub
/games/chemical-reactions-quiz,/guides/types-of-chemical-reactions-practice,game<->guide
/games/chemistry-basics-quiz,/games,spoke->hub
/games/chemistry-basics-quiz,/games/chemistry-flashcards,related
/games/chemistry-basics-quiz,/games/chemistry-quiz,related
/games/chemistry-basics-quiz,/games/general-chemistry-practice,related
/games/chemistry-experiments-high-school,/guides/periodic-table-worksheet,spoke->hub
/games/chemistry-flashcards,/games,spoke->hub
/games/chemistry-flashcards,/games/chemistry-basics-quiz,related
/games/chemistry-flashcards,/games/chemistry-quiz,related
/games/chemistry-flashcards,/games/general-chemistry-practice,related
/games/chemistry-games-beginners,/games,spoke->hub
/games/chemistry-games-beginners,/games/chemistry-games-for-high-school,related
/games/chemistry-games-for-high-school,/games,spoke->hub
/games/chemistry-games-for-high-school,/games/chemistry-games-beginners,related
/games/chemistry-quiz,/games,spoke->hub
/games/chemistry-quiz,/games/chemistry-basics-quiz,related
/games/chemistry-quiz,/games/chemistry-flashcards,related
/games/chemistry-quiz,/games/general-chemistry-practice,related
/games/chemistry-review-games,/games,spoke->hub
/games/covalent-ionic-bonds-game,/games/bonding-practice,related
/games/covalent-ionic-bonds-game,/guides/bonding-basics-guide,game<->guide
/games/covalent-ionic-bonds-game,/guides/bonding-cheat-sheet,game<->guide
/games/covalent-ionic-bonds-game,/guides/molecular-geometry-vsepr-guide,spoke->hub
/games/diatomic-elements-molecules-quiz,/games/ions-quiz,related
/games/diatomic-elements-molecules-quiz,/guides/what-is-a-compound-chemistry,related
/games/diatomic-elements-molecules-quiz,/guides/what-is-a-compound-chemistry,spoke->hub
/games/electron-configuration-orbital-practice,/guides/atomic-structure-guide,spoke->hub
/games/electron-configuration-orbital-practice,/guides/electron-configuration/[element],related
/games/element-quiz,/games/periodic-table-game,related
/games/element-quiz,/guides/metals-nonmetals-metalloids-guide,spoke->hub
/games/functional-groups-flashcards,/games/organic-chemistry-flashcard-game,related
/games/functional-groups-flashcards,/games/organic-chemistry-quiz,related
/games/functional-groups-flashcards,/guides/organic-chemistry-guide,spoke->hub
/games/gas-laws-practice,/guides/chemistry-conversions-practice,spoke->hub
/games/general-chemistry-practice,/games,spoke->hub
/games/general-chemistry-practice,/games/chemistry-basics-quiz,related
/games/general-chemistry-practice,/games/chemistry-flashcards,related
/games/general-chemistry-practice,/games/chemistry-quiz,related
/games/half-life-practice,/guides/atomic-structure-guide,spoke->hub
/games/interactive-periodic-table,/guides/metals-nonmetals-metalloids-guide,spoke->hub
/games/interactive-periodic-table,/tools/interactive-periodic-table,related
/games/ionic-compound-naming-game,/games/naming-compounds-practice,related
/games/ionic-compound-naming-game,/guides/chemistry-prefixes-reference,game<->guide
/games/ionic-compound-naming-game,/guides/naming-compounds-cheat-sheet,game<->guide
/games/ionic-compound-naming-game,/guides/naming-compounds-rules-prefixes,game<->guide
/games/ionic-compound-naming-game,/guides/nomenclature-practice,game<->guide
/games/ionic-compound-naming-game,/guides/what-is-a-compound-chemistry,spoke->hub
/games/ions-quiz,/games/diatomic-elements-molecules-quiz,related
/games/ions-quiz,/guides/what-is-a-compound-chemistry,related
/games/ions-quiz,/guides/what-is-a-compound-chemistry,spoke->hub
/games/isotopes-identify,/guides/atomic-structure-guide,spoke->hub
/games/isotopes-identify,/tools/average-atomic-mass-calculator,related
/games/lab-equipment-quiz,/games,spoke->hub
/games/lab-equipment-quiz,/games/lab-safety-quiz,related
/games/lab-equipment-quiz,/games/virtual-chemistry-lab,related
/games/lab-safety-quiz,/games,spoke->hub
/games/lab-safety-quiz,/games/lab-equipment-quiz,related
/games/lab-safety-quiz,/games/virtual-chemistry-lab,related
/games/label-periodic-table,/guides/metals-nonmetals-metalloids-guide,spoke->hub
/games/label-the-atom,/games/atom-structure-parts-game,related
/games/label-the-atom,/games/calculate-protons-neutrons-electrons,related
/games/label-the-atom,/games/subatomic-particles-puzzle,related
/games/label-the-atom,/guides/atomic-structure-guide,spoke->hub
/games/label-the-atom,/guides/atomic-structure-practice,game<->guide
/games/lewis-structure-practice,/guides/formal-charge-calculation,game<->guide
/games/lewis-structure-practice,/guides/how-to-draw-lewis-structures,game<->guide
/games/lewis-structure-practice,/guides/lewis-dot-structures,game<->guide
/games/lewis-structure-practice,/guides/lewis-structure/[compound],related
/games/lewis-structure-practice,/guides/molecular-geometry-vsepr-guide,spoke->hub
/games/lewis-structure-practice,/tools/lewis-structure-generator,related
/games/matter-quiz,/games/states-of-matter-game,related
/games/matter-quiz,/guides/chemical-vs-physical-changes-guide,spoke->hub
/games/molecular-shape-builder,/games/molecule-builder-game,related
/games/molecular-shape-builder,/guides/molecular-geometry-chart,game<->guide
/games/molecular-shape-builder,/guides/molecular-geometry-vsepr-guide,related
/games/molecular-shape-builder,/guides/molecular-geometry-vsepr-guide,spoke->hub
/games/molecule-builder-game,/games/molecular-shape-builder,related
/games/molecule-builder-game,/guides/molecular-geometry-chart,game<->guide
/games/molecule-builder-game,/guides/molecular-geometry-vsepr-guide,related
/games/molecule-builder-game,/guides/molecular-geometry-vsepr-guide,spoke->hub
/games/moles-quiz,/games/stoichiometry-practice,related
/games/moles-quiz,/guides/chemistry-conversions-practice,spoke->hub
/games/naming-compounds-practice,/games/ionic-compound-naming-game,related
/games/naming-compounds-practice,/guides/chemistry-prefixes-reference,game<->guide
/games/naming-compounds-practice,/guides/naming-compounds-cheat-sheet,game<->guide
/games/naming-compounds-practice,/guides/naming-compounds-rules-prefixes,game<->guide
/games/naming-compounds-practice,/guides/nomenclature-practice,game<->guide
/games/naming-compounds-practice,/guides/what-is-a-compound-chemistry,spoke->hub
/games/organic-chemistry-flashcard-game,/games/functional-groups-flashcards,related
/games/organic-chemistry-flashcard-game,/games/organic-chemistry-quiz,related
/games/organic-chemistry-flashcard-game,/guides/organic-chemistry-guide,spoke->hub
/games/organic-chemistry-games,/games,spoke->hub
/games/organic-chemistry-quiz,/games/functional-groups-flashcards,related
/games/organic-chemistry-quiz,/games/organic-chemistry-flashcard-game,related
/games/organic-chemistry-quiz,/guides/organic-chemistry-guide,spoke->hub
/games/organic-nomenclature-quiz,/guides/organic-chemistry-guide,spoke->hub
/games/periodic-table-flashcards,/guides/metals-nonmetals-metalloids-guide,spoke->hub
/games/periodic-table-game,/games/element-quiz,related
/games/periodic-table-game,/guides/metals-nonmetals-metalloids-guide,spoke->hub
/games/periodic-trends-quiz,/guides/metals-nonmetals-metalloids-guide,spoke->hub
/games/physical-and-chemical-changes-quiz,/games/physical-vs-chemical-change-game,related
/games/physical-and-chemical-changes-quiz,/guides/chemical-vs-physical-changes-guide,related
/games/physical-and-chemical-changes-quiz,/guides/chemical-vs-physical-changes-guide,spoke->hub
/games/physical-vs-chemical-change-game,/games/physical-and-chemical-changes-quiz,related
/games/physical-vs-chemical-change-game,/guides/chemical-vs-physical-changes-guide,related
/games/physical-vs-chemical-change-game,/guides/chemical-vs-physical-changes-guide,spoke->hub
/games/polyatomic-ions-flashcards,/guides/polyatomic-ions-guide,game<->guide
/games/polyatomic-ions-flashcards,/guides/polyatomic-ions/[ion],related
/games/polyatomic-ions-flashcards,/guides/what-is-a-compound-chemistry,spoke->hub
/games/reaction-types-game,/guides/combustion-reactions-guide,game<->guide
/games/reaction-types-game,/guides/redox-reactions-guide,game<->guide
/games/reaction-types-game,/guides/types-of-chemical-reactions-guide,related
/games/reaction-types-game,/guides/types-of-chemical-reactions-guide,spoke->hub
/games/science-simulation-online,/games,spoke->hub
/games/solubility-rules-game,/guides/types-of-chemical-reactions-guide,spoke->hub
/games/solutions-chemistry-quiz,/guides/chemistry-conversions-practice,spoke->hub
/games/solutions-chemistry-quiz,/guides/molarity-and-mole-ratio,game<->guide
/games/solutions-quiz,/guides/chemistry-conversions-practice,spoke->hub
/games/states-of-matter-game,/games/matter-quiz,related
/games/states-of-matter-game,/guides/chemical-vs-physical-changes-guide,spoke->hub
/games/stoichiometry-practice,/games/moles-quiz,related
/games/stoichiometry-practice,/guides/chemistry-conversions-practice,spoke->hub
/games/subatomic-particles-puzzle,/games/atom-structure-parts-game,related
/games/subatomic-particles-puzzle,/games/calculate-protons-neutrons-electrons,related
/games/subatomic-particles-puzzle,/games/label-the-atom,related
/games/subatomic-particles-puzzle,/guides/atomic-structure-guide,spoke->hub
/games/subatomic-particles-puzzle,/guides/atomic-structure-practice,game<->guide
/games/thermodynamics-practice-problems,/guides/types-of-chemical-reactions-guide,spoke->hub
/games/unit-conversions-practice,/guides/chemistry-conversions-practice,spoke->hub
/games/virtual-chemistry-lab,/games,spoke->hub
/games/virtual-chemistry-lab,/games/lab-equipment-quiz,related
/games/virtual-chemistry-lab,/games/lab-safety-quiz,related
/guides/acid-base-organic-chemistry-practice,/guides/acids-and-bases-basics,related
/guides/acid-base-organic-chemistry-practice,/guides/acids-and-bases-basics,spoke->hub
/guides/acid-base-organic-chemistry-practice,/guides/acids-bases-cheat-sheet,guide->cheatsheet
/guides/acid-base-organic-chemistry-practice,/guides/acids-bases-cheat-sheet,related
/guides/acids-and-bases-basics,/games/acid-base-titration-simulation,hub->spoke
/guides/acids-and-bases-basics,/games/acids-and-bases-quiz,hub->spoke
/guides/acids-and-bases-basics,/games/acids-bases-ph-titration-game,hub->spoke
/guides/acids-and-bases-basics,/guides/acid-base-organic-chemistry-practice,hub->spoke
/guides/acids-and-bases-basics,/guides/acid-base-organic-chemistry-practice,related
/guides/acids-and-bases-basics,/guides/acids-bases-cheat-sheet,guide->cheatsheet
/guides/acids-and-bases-basics,/guides/acids-bases-cheat-sheet,hub->spoke
/guides/acids-and-bases-basics,/guides/acids-bases-cheat-sheet,related
/guides/acids-and-bases-basics,/guides/henderson-hasselbalch-acid-strength,hub->spoke
/guides/acids-and-bases-basics,/guides/ph-scale-acids-bases,hub->spoke
/guides/acids-and-bases-basics,/guides/titration-curves-lab,hub->spoke
/guides/acids-bases-cheat-sheet,/guides/acid-base-organic-chemistry-practice,related
/guides/acids-bases-cheat-sheet,/guides/acids-and-bases-basics,related
/guides/acids-bases-cheat-sheet,/guides/acids-and-bases-basics,spoke->hub
/guides/ap-chemistry-cheat-sheet,/cheat-sheets,guide->cheatsheet
/guides/ap-chemistry-cheat-sheet,/cheat-sheets,spoke->hub
/guides/ap-chemistry-cheat-sheet,/guides/chemistry-formulas-cheat-sheet,guide->cheatsheet
/guides/ap-chemistry-cheat-sheet,/guides/chemistry-formulas-cheat-sheet,related
/guides/ap-chemistry-practice,/cheat-sheets,guide->cheatsheet
/guides/ap-chemistry-practice,/cheat-sheets,spoke->hub
/guides/ap-chemistry-practice,/guides/ap-chemistry-cheat-sheet,guide->cheatsheet
/guides/ap-chemistry-practice,/guides/chemistry-formulas-cheat-sheet,guide->cheatsheet
/guides/ap-chemistry-practice,/guides/chemistry-practice-problems,related
/guides/ap-chemistry-practice,/guides/chemistry-quiz-questions,related
/guides/ap-chemistry-practice,/guides/chemistry-worksheets,related
/guides/ap-chemistry-practice,/guides/chemistry-worksheets-with-answers,related
/guides/ap-chemistry-practice,/guides/general-chemistry-quiz,related
/guides/ap-chemistry-practice,/guides/solutions-worksheets,related
/guides/atomic-models-history,/guides/atomic-structure-guide,related
/guides/atomic-models-history,/guides/atomic-structure-guide,spoke->hub
/guides/atomic-models-history,/guides/atomic-structure-quiz,related
/guides/atomic-structure-guide,/games/atom-structure-parts-game,hub->spoke
/guides/atomic-structure-guide,/games/build-an-atom-game,hub->spoke
/guides/atomic-structure-guide,/games/calculate-protons-neutrons-electrons,hub->spoke
/guides/atomic-structure-guide,/games/electron-configuration-orbital-practice,hub->spoke
/guides/atomic-structure-guide,/games/half-life-practice,hub->spoke
/guides/atomic-structure-guide,/games/isotopes-identify,hub->spoke
/guides/atomic-structure-guide,/games/label-the-atom,hub->spoke
/guides/atomic-structure-guide,/games/subatomic-particles-puzzle,hub->spoke
/guides/atomic-structure-guide,/guides/atomic-models-history,hub->spoke
/guides/atomic-structure-guide,/guides/atomic-models-history,related
/guides/atomic-structure-guide,/guides/atomic-structure-practice,hub->spoke
/guides/atomic-structure-guide,/guides/atomic-structure-quiz,hub->spoke
/guides/atomic-structure-guide,/guides/atomic-structure-quiz,related
/guides/atomic-structure-guide,/guides/electron-configuration/[element],hub->spoke
/guides/atomic-structure-guide,/tools/average-atomic-mass-calculator,hub->spoke
/guides/atomic-structure-practice,/games/atom-structure-parts-game,game<->guide
/guides/atomic-structure-practice,/games/calculate-protons-neutrons-electrons,game<->guide
/guides/atomic-structure-practice,/games/label-the-atom,game<->guide
/guides/atomic-structure-practice,/games/subatomic-particles-puzzle,game<->guide
/guides/atomic-structure-practice,/guides/atomic-structure-guide,spoke->hub
/guides/atomic-structure-quiz,/guides/atomic-models-history,related
/guides/atomic-structure-quiz,/guides/atomic-structure-guide,related
/guides/atomic-structure-quiz,/guides/atomic-structure-guide,spoke->hub
/guides/balancing-chemical-equations-practice,/games/balancing-chemical-equations-game,game<->guide
/guides/balancing-chemical-equations-practice,/games/balancing-chemical-equations-worksheet,game<->guide
/guides/balancing-chemical-equations-practice,/guides/balancing-redox-net-ionic-complex-equations,related
/guides/balancing-chemical-equations-practice,/guides/chemical-equation-coefficients-subscripts,related
/guides/balancing-chemical-equations-practice,/guides/how-to-balance-chemical-equations,related
/guides/balancing-chemical-equations-practice,/guides/types-of-chemical-reactions-guide,spoke->hub
/guides/balancing-chemical-equations-practice,/reactions/[reaction],game<->guide
/guides/balancing-chemical-equations-practice,/tools/chemical-equation-balancer,game<->guide
/guides/balancing-redox-net-ionic-complex-equations,/games/balancing-chemical-equations-game,game<->guide
/guides/balancing-redox-net-ionic-complex-equations,/games/balancing-chemical-equations-worksheet,game<->guide
/guides/balancing-redox-net-ionic-complex-equations,/guides/balancing-chemical-equations-practice,related
/guides/balancing-redox-net-ionic-complex-equations,/guides/chemical-equation-coefficients-subscripts,related
/guides/balancing-redox-net-ionic-complex-equations,/guides/how-to-balance-chemical-equations,related
/guides/balancing-redox-net-ionic-complex-equations,/guides/types-of-chemical-reactions-guide,spoke->hub
/guides/balancing-redox-net-ionic-complex-equations,/reactions/[reaction],game<->guide
/guides/balancing-redox-net-ionic-complex-equations,/tools/chemical-equation-balancer,game<->guide
/guides/bonding-basics-guide,/games/bonding-practice,game<->guide
/guides/bonding-basics-guide,/games/covalent-ionic-bonds-game,game<->guide
/guides/bonding-basics-guide,/guides/bonding-cheat-sheet,guide->cheatsheet
/guides/bonding-basics-guide,/guides/bonding-cheat-sheet,related
/guides/bonding-basics-guide,/guides/molecular-geometry-vsepr-guide,spoke->hub
/guides/bonding-cheat-sheet,/games/bonding-practice,game<->guide
/guides/bonding-cheat-sheet,/games/covalent-ionic-bonds-game,game<->guide
/guides/bonding-cheat-sheet,/guides/bonding-basics-guide,related
/guides/bonding-cheat-sheet,/guides/molecular-geometry-vsepr-guide,spoke->hub
/guides/chemical-energy-and-properties-guide,/guides/chemical-vs-physical-changes-guide,spoke->hub
/guides/chemical-equation-coefficients-subscripts,/games/balancing-chemical-equations-game,game<->guide
/guides/chemical-equation-coefficients-subscripts,/games/balancing-chemical-equations-worksheet,game<->guide
/guides/chemical-equation-coefficients-subscripts,/guides/balancing-chemical-equations-practice,related
/guides/chemical-equation-coefficients-subscripts,/guides/balancing-redox-net-ionic-complex-equations,related
/guides/chemical-equation-coefficients-subscripts,/guides/how-to-balance-chemical-equations,related
/guides/chemical-equation-coefficients-subscripts,/guides/types-of-chemical-reactions-guide,spoke->hub
/guides/chemical-equation-coefficients-subscripts,/reactions/[reaction],game<->guide
/guides/chemical-equation-coefficients-subscripts,/tools/chemical-equation-balancer,game<->guide
/guides/chemical-formula-empirical-molecular,/games/chemical-formulas-practice,game<->guide
/guides/chemical-formula-empirical-molecular,/guides/chemical-formula/[compound],game<->guide
/guides/chemical-formula-empirical-molecular,/guides/naming-compounds-cheat-sheet,guide->cheatsheet
/guides/chemical-formula-empirical-molecular,/guides/what-is-a-compound-chemistry,spoke->hub
/guides/chemical-formula-empirical-molecular,/guides/writing-chemical-formulas-practice,related
/guides/chemical-formula/[compound],/games/chemical-formulas-practice,related
/guides/chemical-formula/[compound],/guides/chemical-formula-empirical-molecular,game<->guide
/guides/chemical-formula/[compound],/guides/what-is-a-compound-chemistry,spoke->hub
/guides/chemical-formula/[compound],/guides/writing-chemical-formulas-practice,game<->guide
/guides/chemical-reaction-basics-guide,/guides/types-of-chemical-reactions-guide,spoke->hub
/guides/chemical-vs-physical-changes-guide,/games/matter-quiz,hub->spoke
/guides/chemical-vs-physical-changes-guide,/games/physical-and-chemical-changes-quiz,hub->spoke
/guides/chemical-vs-physical-changes-guide,/games/physical-and-chemical-changes-quiz,related
/guides/chemical-vs-physical-changes-guide,/games/physical-vs-chemical-change-game,hub->spoke
/guides/chemical-vs-physical-changes-guide,/games/physical-vs-chemical-change-game,related
/guides/chemical-vs-physical-changes-guide,/games/states-of-matter-game,hub->spoke
/guides/chemical-vs-physical-changes-guide,/guides/chemical-energy-and-properties-guide,hub->spoke
/guides/chemistry-conversions-practice,/games/gas-laws-practice,hub->spoke
/guides/chemistry-conversions-practice,/games/moles-quiz,hub->spoke
/guides/chemistry-conversions-practice,/games/solutions-chemistry-quiz,hub->spoke
/guides/chemistry-conversions-practice,/games/solutions-quiz,hub->spoke
/guides/chemistry-conversions-practice,/games/stoichiometry-practice,hub->spoke
/guides/chemistry-conversions-practice,/games/unit-conversions-practice,hub->spoke
/guides/chemistry-conversions-practice,/guides/molar-mass-calculations,hub->spoke
/guides/chemistry-conversions-practice,/guides/molarity-and-mole-ratio,hub->spoke
/guides/chemistry-conversions-practice,/guides/mole-conversion-practice,hub->spoke
/guides/chemistry-conversions-practice,/guides/mole-conversion-practice,related
/guides/chemistry-conversions-practice,/guides/moles-to-grams-conversion,hub->spoke
/guides/chemistry-conversions-practice,/guides/moles-to-grams-conversion,related
/guides/chemistry-conversions-practice,/guides/percent-yield-chemistry,hub->spoke
/guides/chemistry-conversions-practice,/guides/stoichiometry-cheat-sheet,guide->cheatsheet
/guides/chemistry-conversions-practice,/guides/stoichiometry-cheat-sheet,hub->spoke
/guides/chemistry-conversions-practice,/tools/molar-mass/[compound],hub->spoke
/guides/chemistry-conversions-practice,/tools/molecular-weight-calculator,hub->spoke
/guides/chemistry-formulas-cheat-sheet,/cheat-sheets,guide->cheatsheet
/guides/chemistry-formulas-cheat-sheet,/cheat-sheets,spoke->hub
/guides/chemistry-formulas-cheat-sheet,/guides/ap-chemistry-cheat-sheet,guide->cheatsheet
/guides/chemistry-formulas-cheat-sheet,/guides/ap-chemistry-cheat-sheet,related
/guides/chemistry-practice-problems,/cheat-sheets,guide->cheatsheet
/guides/chemistry-practice-problems,/cheat-sheets,spoke->hub
/guides/chemistry-practice-problems,/guides/ap-chemistry-cheat-sheet,guide->cheatsheet
/guides/chemistry-practice-problems,/guides/ap-chemistry-practice,related
/guides/chemistry-practice-problems,/guides/chemistry-formulas-cheat-sheet,guide->cheatsheet
/guides/chemistry-practice-problems,/guides/chemistry-quiz-questions,related
/guides/chemistry-practice-problems,/guides/chemistry-worksheets,related
/guides/chemistry-practice-problems,/guides/chemistry-worksheets-with-answers,related
/guides/chemistry-practice-problems,/guides/general-chemistry-quiz,related
/guides/chemistry-practice-problems,/guides/solutions-worksheets,related
/guides/chemistry-practice-worksheets,/cheat-sheets,guide->cheatsheet
/guides/chemistry-practice-worksheets,/cheat-sheets,spoke->hub
/guides/chemistry-practice-worksheets,/guides/ap-chemistry-cheat-sheet,guide->cheatsheet
/guides/chemistry-practice-worksheets,/guides/chemistry-formulas-cheat-sheet,guide->cheatsheet
/guides/chemistry-prefixes-reference,/games/ionic-compound-naming-game,game<->guide
/guides/chemistry-prefixes-reference,/games/naming-compounds-practice,game<->guide
/guides/chemistry-prefixes-reference,/guides/naming-compounds-cheat-sheet,guide->cheatsheet
/guides/chemistry-prefixes-reference,/guides/naming-compounds-cheat-sheet,related
/guides/chemistry-prefixes-reference,/guides/naming-compounds-rules-prefixes,related
/guides/chemistry-prefixes-reference,/guides/nomenclature-practice,related
/guides/chemistry-prefixes-reference,/guides/what-is-a-compound-chemistry,spoke->hub
/guides/chemistry-quiz-questions,/cheat-sheets,guide->cheatsheet
/guides/chemistry-quiz-questions,/cheat-sheets,spoke->hub
/guides/chemistry-quiz-questions,/guides/ap-chemistry-cheat-sheet,guide->cheatsheet
/guides/chemistry-quiz-questions,/guides/ap-chemistry-practice,related
/guides/chemistry-quiz-questions,/guides/chemistry-formulas-cheat-sheet,guide->cheatsheet
/guides/chemistry-quiz-questions,/guides/chemistry-practice-problems,related
/guides/chemistry-quiz-questions,/guides/chemistry-worksheets,related
/guides/chemistry-quiz-questions,/guides/chemistry-worksheets-with-answers,related
/guides/chemistry-quiz-questions,/guides/general-chemistry-quiz,related
/guides/chemistry-quiz-questions,/guides/solutions-worksheets,related
/guides/chemistry-worksheets,/cheat-sheets,guide->cheatsheet
/guides/chemistry-worksheets,/cheat-sheets,spoke->hub
/guides/chemistry-worksheets,/guides/ap-chemistry-cheat-sheet,guide->cheatsheet
/guides/chemistry-worksheets,/guides/ap-chemistry-practice,related
/guides/chemistry-worksheets,/guides/chemistry-formulas-cheat-sheet,guide->cheatsheet
/guides/chemistry-worksheets,/guides/chemistry-practice-problems,related
/guides/chemistry-worksheets,/guides/chemistry-quiz-questions,related
/guides/chemistry-worksheets,/guides/chemistry-worksheets-with-answers,related
/guides/chemistry-worksheets,/guides/general-chemistry-quiz,related
/guides/chemistry-worksheets,/guides/solutions-worksheets,related
/guides/chemistry-worksheets-with-answers,/cheat-sheets,guide->cheatsheet
/guides/chemistry-worksheets-with-answers,/cheat-sheets,spoke->hub
/guides/chemistry-worksheets-with-answers,/guides/ap-chemistry-cheat-sheet,guide->cheatsheet
/guides/chemistry-worksheets-with-answers,/guides/ap-chemistry-practice,related
/guides/chemistry-worksheets-with-answers,/guides/chemistry-formulas-cheat-sheet,guide->cheatsheet
/guides/chemistry-worksheets-with-answers,/guides/chemistry-practice-problems,related
/guides/chemistry-worksheets-with-answers,/guides/chemistry-quiz-questions,related
/guides/chemistry-worksheets-with-answers,/guides/chemistry-worksheets,related
/guides/chemistry-worksheets-with-answers,/guides/general-chemistry-quiz,related
/guides/chemistry-worksheets-with-answers,/guides/solutions-worksheets,related
/guides/combustion-reactions-guide,/games/reaction-types-game,game<->guide
/guides/combustion-reactions-guide,/guides/redox-reactions-guide,related
/guides/combustion-reactions-guide,/guides/types-of-chemical-reactions-guide,related
/guides/combustion-reactions-guide,/guides/types-of-chemical-reactions-guide,spoke->hub
/guides/electron-configuration/[element],/games/electron-configuration-orbital-practice,related
/guides/electron-configuration/[element],/guides/atomic-structure-guide,spoke->hub
/guides/electronegativity-polarity-guide,/guides/bonding-cheat-sheet,guide->cheatsheet
/guides/electronegativity-polarity-guide,/guides/molecular-geometry-vsepr-guide,spoke->hub
/guides/endothermic-vs-exothermic-guide,/guides/types-of-chemical-reactions-guide,spoke->hub
/guides/first-20-elements-guide,/elements/[element],game<->guide
/guides/first-20-elements-guide,/guides/metals-nonmetals-metalloids-guide,spoke->hub
/guides/first-20-elements-guide,/guides/periodic-table-cheat-sheet,guide->cheatsheet
/guides/formal-charge-calculation,/games/lewis-structure-practice,game<->guide
/guides/formal-charge-calculation,/guides/bonding-cheat-sheet,guide->cheatsheet
/guides/formal-charge-calculation,/guides/how-to-draw-lewis-structures,related
/guides/formal-charge-calculation,/guides/lewis-dot-structures,related
/guides/formal-charge-calculation,/guides/lewis-structure/[compound],game<->guide
/guides/formal-charge-calculation,/guides/molecular-geometry-vsepr-guide,spoke->hub
/guides/formal-charge-calculation,/tools/lewis-structure-generator,game<->guide
/guides/general-chemistry-guide,/blog/chemistry-of-everyday-life,related
/guides/general-chemistry-guide,/blog/fun-chemistry-facts,related
/guides/general-chemistry-guide,/cheat-sheets,guide->cheatsheet
/guides/general-chemistry-guide,/cheat-sheets,spoke->hub
/guides/general-chemistry-guide,/guides/ap-chemistry-cheat-sheet,guide->cheatsheet
/guides/general-chemistry-guide,/guides/chemistry-formulas-cheat-sheet,guide->cheatsheet
/guides/general-chemistry-guide,/guides/what-is-chemistry-guide,related
/guides/general-chemistry-quiz,/cheat-sheets,guide->cheatsheet
/guides/general-chemistry-quiz,/cheat-sheets,spoke->hub
/guides/general-chemistry-quiz,/guides/ap-chemistry-cheat-sheet,guide->cheatsheet
/guides/general-chemistry-quiz,/guides/ap-chemistry-practice,related
/guides/general-chemistry-quiz,/guides/chemistry-formulas-cheat-sheet,guide->cheatsheet
/guides/general-chemistry-quiz,/guides/chemistry-practice-problems,related
/guides/general-chemistry-quiz,/guides/chemistry-quiz-questions,related
/guides/general-chemistry-quiz,/guides/chemistry-worksheets,related
/guides/general-chemistry-quiz,/guides/chemistry-worksheets-with-answers,related
/guides/general-chemistry-quiz,/guides/solutions-worksheets,related
/guides/henderson-hasselbalch-acid-strength,/guides/acids-and-bases-basics,spoke->hub
/guides/henderson-hasselbalch-acid-strength,/guides/acids-bases-cheat-sheet,guide->cheatsheet
/guides/how-to-balance-chemical-equations,/games/balancing-chemical-equations-game,game<->guide
/guides/how-to-balance-chemical-equations,/games/balancing-chemical-equations-worksheet,game<->guide
/guides/how-to-balance-chemical-equations,/guides/balancing-chemical-equations-practice,related
/guides/how-to-balance-chemical-equations,/guides/balancing-redox-net-ionic-complex-equations,related
/guides/how-to-balance-chemical-equations,/guides/chemical-equation-coefficients-subscripts,related
/guides/how-to-balance-chemical-equations,/guides/types-of-chemical-reactions-guide,spoke->hub
/guides/how-to-balance-chemical-equations,/reactions/[reaction],game<->guide
/guides/how-to-balance-chemical-equations,/tools/chemical-equation-balancer,game<->guide
/guides/how-to-draw-lewis-structures,/games/lewis-structure-practice,game<->guide
/guides/how-to-draw-lewis-structures,/guides/bonding-cheat-sheet,guide->cheatsheet
/guides/how-to-draw-lewis-structures,/guides/formal-charge-calculation,related
/guides/how-to-draw-lewis-structures,/guides/lewis-dot-structures,related
/guides/how-to-draw-lewis-structures,/guides/lewis-structure/[compound],game<->guide
/guides/how-to-draw-lewis-structures,/guides/molecular-geometry-vsepr-guide,spoke->hub
/guides/how-to-draw-lewis-structures,/tools/lewis-structure-generator,game<->guide
/guides/how-to-read-the-periodic-table,/guides/metals-nonmetals-metalloids-guide,spoke->hub
/guides/how-to-read-the-periodic-table,/guides/periodic-table-charges-valence-guide,related
/guides/how-to-read-the-periodic-table,/guides/periodic-table-cheat-sheet,guide->cheatsheet
/guides/how-to-read-the-periodic-table,/guides/periodic-table-protons-neutrons-guide,related
/guides/intermolecular-forces-guide,/guides/bonding-cheat-sheet,guide->cheatsheet
/guides/intermolecular-forces-guide,/guides/molecular-geometry-vsepr-guide,spoke->hub
/guides/lewis-dot-structures,/games/lewis-structure-practice,game<->guide
/guides/lewis-dot-structures,/guides/bonding-cheat-sheet,guide->cheatsheet
/guides/lewis-dot-structures,/guides/formal-charge-calculation,related
/guides/lewis-dot-structures,/guides/how-to-draw-lewis-structures,related
/guides/lewis-dot-structures,/guides/lewis-structure/[compound],game<->guide
/guides/lewis-dot-structures,/guides/molecular-geometry-vsepr-guide,spoke->hub
/guides/lewis-dot-structures,/tools/lewis-structure-generator,game<->guide
/guides/lewis-structure/[compound],/games/lewis-structure-practice,related
/guides/lewis-structure/[compound],/guides/formal-charge-calculation,game<->guide
/guides/lewis-structure/[compound],/guides/how-to-draw-lewis-structures,game<->guide
/guides/lewis-structure/[compound],/guides/lewis-dot-structures,game<->guide
/guides/lewis-structure/[compound],/guides/molecular-geometry-vsepr-guide,spoke->hub
/guides/lewis-structure/[compound],/tools/lewis-structure-generator,related
/guides/make-chemistry-flashcards,/cheat-sheets,guide->cheatsheet
/guides/make-chemistry-flashcards,/cheat-sheets,spoke->hub
/guides/make-chemistry-flashcards,/guides/ap-chemistry-cheat-sheet,guide->cheatsheet
/guides/make-chemistry-flashcards,/guides/chemistry-formulas-cheat-sheet,guide->cheatsheet
/guides/metals-nonmetals-metalloids-guide,/blog/periodic-table-game-ideas,hub->spoke
/guides/metals-nonmetals-metalloids-guide,/blog/periodic-table-project,hub->spoke
/guides/metals-nonmetals-metalloids-guide,/elements/[element],hub->spoke
/guides/metals-nonmetals-metalloids-guide,/games/element-quiz,hub->spoke
/guides/metals-nonmetals-metalloids-guide,/games/interactive-periodic-table,hub->spoke
/guides/metals-nonmetals-metalloids-guide,/games/label-periodic-table,hub->spoke
/guides/metals-nonmetals-metalloids-guide,/games/periodic-table-flashcards,hub->spoke
/guides/metals-nonmetals-metalloids-guide,/games/periodic-table-game,hub->spoke
/guides/metals-nonmetals-metalloids-guide,/games/periodic-trends-quiz,hub->spoke
/guides/metals-nonmetals-metalloids-guide,/guides/first-20-elements-guide,hub->spoke
/guides/metals-nonmetals-metalloids-guide,/guides/how-to-read-the-periodic-table,hub->spoke
/guides/metals-nonmetals-metalloids-guide,/guides/oxidation-number/[element],hub->spoke
/guides/metals-nonmetals-metalloids-guide,/guides/periodic-table-charges-valence-guide,hub->spoke
/guides/metals-nonmetals-metalloids-guide,/guides/periodic-table-cheat-sheet,guide->cheatsheet
/guides/metals-nonmetals-metalloids-guide,/guides/periodic-table-cheat-sheet,hub->spoke
/guides/metals-nonmetals-metalloids-guide,/guides/periodic-table-groups,hub->spoke
/guides/metals-nonmetals-metalloids-guide,/guides/periodic-table-practice,hub->spoke
/guides/metals-nonmetals-metalloids-guide,/guides/periodic-table-protons-neutrons-guide,hub->spoke
/guides/metals-nonmetals-metalloids-guide,/guides/periodic-table-quiz-questions,hub->spoke
/guides/metals-nonmetals-metalloids-guide,/guides/periodic-table-reference,hub->spoke
/guides/metals-nonmetals-metalloids-guide,/guides/periodic-table-trends,hub->spoke
/guides/metals-nonmetals-metalloids-guide,/tools/interactive-periodic-table,hub->spoke
/guides/molar-mass-calculations,/guides/chemistry-conversions-practice,spoke->hub
/guides/molar-mass-calculations,/guides/stoichiometry-cheat-sheet,guide->cheatsheet
/guides/molar-mass-calculations,/tools/molar-mass/[compound],game<->guide
/guides/molar-mass-calculations,/tools/molecular-weight-calculator,game<->guide
/guides/molarity-and-mole-ratio,/games/solutions-chemistry-quiz,game<->guide
/guides/molarity-and-mole-ratio,/guides/chemistry-conversions-practice,spoke->hub
/guides/molarity-and-mole-ratio,/guides/stoichiometry-cheat-sheet,guide->cheatsheet
/guides/mole-conversion-practice,/guides/chemistry-conversions-practice,related
/guides/mole-conversion-practice,/guides/chemistry-conversions-practice,spoke->hub
/guides/mole-conversion-practice,/guides/moles-to-grams-conversion,related
/guides/mole-conversion-practice,/guides/stoichiometry-cheat-sheet,guide->cheatsheet
/guides/molecular-geometry-chart,/games/molecular-shape-builder,game<->guide
/guides/molecular-geometry-chart,/games/molecule-builder-game,game<->guide
/guides/molecular-geometry-chart,/guides/bonding-cheat-sheet,guide->cheatsheet
/guides/molecular-geometry-chart,/guides/molecular-geometry-vsepr-guide,related
/guides/molecular-geometry-chart,/guides/molecular-geometry-vsepr-guide,spoke->hub
/guides/molecular-geometry-vsepr-guide,/games/bonding-practice,hub->spoke
/guides/molecular-geometry-vsepr-guide,/games/covalent-ionic-bonds-game,hub->spoke
/guides/molecular-geometry-vsepr-guide,/games/lewis-structure-practice,hub->spoke
/guides/molecular-geometry-vsepr-guide,/games/molecular-shape-builder,hub->spoke
/guides/molecular-geometry-vsepr-guide,/games/molecular-shape-builder,related
/guides/molecular-geometry-vsepr-guide,/games/molecule-builder-game,hub->spoke
/guides/molecular-geometry-vsepr-guide,/games/molecule-builder-game,related
/guides/molecular-geometry-vsepr-guide,/guides/bonding-basics-guide,hub->spoke
/guides/molecular-geometry-vsepr-guide,/guides/bonding-cheat-sheet,guide->cheatsheet
/guides/molecular-geometry-vsepr-guide,/guides/bonding-cheat-sheet,hub->spoke
/guides/molecular-geometry-vsepr-guide,/guides/electronegativity-polarity-guide,hub->spoke
/guides/molecular-geometry-vsepr-guide,/guides/formal-charge-calculation,hub->spoke
/guides/molecular-geometry-vsepr-guide,/guides/how-to-draw-lewis-structures,hub->spoke
/guides/molecular-geometry-vsepr-guide,/guides/intermolecular-forces-guide,hub->spoke
/guides/molecular-geometry-vsepr-guide,/guides/lewis-dot-structures,hub->spoke
/guides/molecular-geometry-vsepr-guide,/guides/lewis-structure/[compound],hub->spoke
/guides/molecular-geometry-vsepr-guide,/guides/molecular-geometry-chart,hub->spoke
/guides/molecular-geometry-vsepr-guide,/guides/molecular-geometry-chart,related
/guides/molecular-geometry-vsepr-guide,/tools/lewis-structure-generator,hub->spoke
/guides/moles-to-grams-conversion,/guides/chemistry-conversions-practice,related
/guides/moles-to-grams-conversion,/guides/chemistry-conversions-practice,spoke->hub
/guides/moles-to-grams-conversion,/guides/mole-conversion-practice,related
/guides/moles-to-grams-conversion,/guides/stoichiometry-cheat-sheet,guide->cheatsheet
/guides/naming-acids-bases-practice,/guides/naming-compounds-cheat-sheet,guide->cheatsheet
/guides/naming-acids-bases-practice,/guides/what-is-a-compound-chemistry,spoke->hub
/guides/naming-compounds-cheat-sheet,/games/ionic-compound-naming-game,game<->guide
/guides/naming-compounds-cheat-sheet,/games/naming-compounds-practice,game<->guide
/guides/naming-compounds-cheat-sheet,/guides/chemistry-prefixes-reference,related
/guides/naming-compounds-cheat-sheet,/guides/naming-compounds-rules-prefixes,related
/guides/naming-compounds-cheat-sheet,/guides/nomenclature-practice,related
/guides/naming-compounds-cheat-sheet,/guides/what-is-a-compound-chemistry,spoke->hub
/guides/naming-compounds-rules-prefixes,/games/ionic-compound-naming-game,game<->guide
/guides/naming-compounds-rules-prefixes,/games/naming-compounds-practice,game<->guide
/guides/naming-compounds-rules-prefixes,/guides/chemistry-prefixes-reference,related
/guides/naming-compounds-rules-prefixes,/guides/naming-compounds-cheat-sheet,guide->cheatsheet
/guides/naming-compounds-rules-prefixes,/guides/naming-compounds-cheat-sheet,related
/guides/naming-compounds-rules-prefixes,/guides/nomenclature-practice,related
/guides/naming-compounds-rules-prefixes,/guides/what-is-a-compound-chemistry,spoke->hub
/guides/nomenclature-practice,/games/ionic-compound-naming-game,game<->guide
/guides/nomenclature-practice,/games/naming-compounds-practice,game<->guide
/guides/nomenclature-practice,/guides/chemistry-prefixes-reference,related
/guides/nomenclature-practice,/guides/naming-compounds-cheat-sheet,guide->cheatsheet
/guides/nomenclature-practice,/guides/naming-compounds-cheat-sheet,related
/guides/nomenclature-practice,/guides/naming-compounds-rules-prefixes,related
/guides/nomenclature-practice,/guides/what-is-a-compound-chemistry,spoke->hub
/guides/organic-chemistry-cheat-sheet,/guides/organic-chemistry-guide,spoke->hub
/guides/organic-chemistry-guide,/games/functional-groups-flashcards,hub->spoke
/guides/organic-chemistry-guide,/games/organic-chemistry-flashcard-game,hub->spoke
/guides/organic-chemistry-guide,/games/organic-chemistry-quiz,hub->spoke
/guides/organic-chemistry-guide,/games/organic-nomenclature-quiz,hub->spoke
/guides/organic-chemistry-guide,/guides/organic-chemistry-cheat-sheet,guide->cheatsheet
/guides/organic-chemistry-guide,/guides/organic-chemistry-cheat-sheet,hub->spoke
/guides/organic-chemistry-guide,/guides/organic-chemistry-practice,hub->spoke
/guides/organic-chemistry-guide,/guides/organic-chemistry-worksheets,hub->spoke
/guides/organic-chemistry-guide,/guides/resonance-structures-practice,hub->spoke
/guides/organic-chemistry-practice,/guides/organic-chemistry-cheat-sheet,guide->cheatsheet
/guides/organic-chemistry-practice,/guides/organic-chemistry-guide,spoke->hub
/guides/organic-chemistry-practice,/guides/resonance-structures-practice,related
/guides/organic-chemistry-worksheets,/guides/organic-chemistry-cheat-sheet,guide->cheatsheet
/guides/organic-chemistry-worksheets,/guides/organic-chemistry-guide,spoke->hub
/guides/oxidation-number/[element],/guides/metals-nonmetals-metalloids-guide,spoke->hub
/guides/percent-yield-chemistry,/guides/chemistry-conversions-practice,spoke->hub
/guides/percent-yield-chemistry,/guides/stoichiometry-cheat-sheet,guide->cheatsheet
/guides/periodic-table-charges-valence-guide,/guides/how-to-read-the-periodic-table,related
/guides/periodic-table-charges-valence-guide,/guides/metals-nonmetals-metalloids-guide,spoke->hub
/guides/periodic-table-charges-valence-guide,/guides/periodic-table-cheat-sheet,guide->cheatsheet
/guides/periodic-table-charges-valence-guide,/guides/periodic-table-protons-neutrons-guide,related
/guides/periodic-table-cheat-sheet,/guides/metals-nonmetals-metalloids-guide,spoke->hub
/guides/periodic-table-groups,/guides/metals-nonmetals-metalloids-guide,spoke->hub
/guides/periodic-table-groups,/guides/periodic-table-cheat-sheet,guide->cheatsheet
/guides/periodic-table-practice,/guides/metals-nonmetals-metalloids-guide,spoke->hub
/guides/periodic-table-practice,/guides/periodic-table-cheat-sheet,guide->cheatsheet
/guides/periodic-table-practice,/guides/periodic-table-quiz-questions,related
/guides/periodic-table-practice,/guides/periodic-table-reference,related
/guides/periodic-table-protons-neutrons-guide,/guides/how-to-read-the-periodic-table,related
/guides/periodic-table-protons-neutrons-guide,/guides/metals-nonmetals-metalloids-guide,spoke->hub
/guides/periodic-table-protons-neutrons-guide,/guides/periodic-table-charges-valence-guide,related
/guides/periodic-table-protons-neutrons-guide,/guides/periodic-table-cheat-sheet,guide->cheatsheet
/guides/periodic-table-quiz-questions,/guides/metals-nonmetals-metalloids-guide,spoke->hub
/guides/periodic-table-quiz-questions,/guides/periodic-table-cheat-sheet,guide->cheatsheet
/guides/periodic-table-quiz-questions,/guides/periodic-table-practice,related
/guides/periodic-table-quiz-questions,/guides/periodic-table-reference,related
/guides/periodic-table-reference,/guides/metals-nonmetals-metalloids-guide,spoke->hub
/guides/periodic-table-reference,/guides/periodic-table-cheat-sheet,guide->cheatsheet
/guides/periodic-table-reference,/guides/periodic-table-practice,related
/guides/periodic-table-reference,/guides/periodic-table-quiz-questions,related
/guides/periodic-table-trends,/guides/metals-nonmetals-metalloids-guide,spoke->hub
/guides/periodic-table-trends,/guides/periodic-table-cheat-sheet,guide->cheatsheet
/guides/periodic-table-worksheet,/blog/chemistry-games-ideas,hub->spoke
/guides/periodic-table-worksheet,/blog/chemistry-review-games,hub->spoke
/guides/periodic-table-worksheet,/blog/periodic-table-project-ideas,hub->spoke
/guides/periodic-table-worksheet,/games/chemistry-experiments-high-school,hub->spoke
/guides/ph-scale-acids-bases,/guides/acids-and-bases-basics,spoke->hub
/guides/ph-scale-acids-bases,/guides/acids-bases-cheat-sheet,guide->cheatsheet
/guides/polyatomic-ions-guide,/games/polyatomic-ions-flashcards,game<->guide
/guides/polyatomic-ions-guide,/guides/naming-compounds-cheat-sheet,guide->cheatsheet
/guides/polyatomic-ions-guide,/guides/polyatomic-ions/[ion],game<->guide
/guides/polyatomic-ions-guide,/guides/what-is-a-compound-chemistry,spoke->hub
/guides/polyatomic-ions/[ion],/games/polyatomic-ions-flashcards,related
/guides/polyatomic-ions/[ion],/guides/polyatomic-ions-guide,game<->guide
/guides/polyatomic-ions/[ion],/guides/what-is-a-compound-chemistry,spoke->hub
/guides/redox-reactions-guide,/games/reaction-types-game,game<->guide
/guides/redox-reactions-guide,/guides/combustion-reactions-guide,related
/guides/redox-reactions-guide,/guides/types-of-chemical-reactions-guide,related
/guides/redox-reactions-guide,/guides/types-of-chemical-reactions-guide,spoke->hub
/guides/resonance-structures-practice,/guides/organic-chemistry-cheat-sheet,guide->cheatsheet
/guides/resonance-structures-practice,/guides/organic-chemistry-guide,spoke->hub
/guides/resonance-structures-practice,/guides/organic-chemistry-practice,related
/guides/solutions-worksheets,/cheat-sheets,guide->cheatsheet
/guides/solutions-worksheets,/cheat-sheets,spoke->hub
/guides/solutions-worksheets,/guides/ap-chemistry-cheat-sheet,guide->cheatsheet
/guides/solutions-worksheets,/guides/ap-chemistry-practice,related
/guides/solutions-worksheets,/guides/chemistry-formulas-cheat-sheet,guide->cheatsheet
/guides/solutions-worksheets,/guides/chemistry-practice-problems,related
/guides/solutions-worksheets,/guides/chemistry-quiz-questions,related
/guides/solutions-worksheets,/guides/chemistry-worksheets,related
/guides/solutions-worksheets,/guides/chemistry-worksheets-with-answers,related
/guides/solutions-worksheets,/guides/general-chemistry-quiz,related
/guides/stoichiometry-cheat-sheet,/guides/chemistry-conversions-practice,spoke->hub
/guides/titration-curves-lab,/games/acid-base-titration-simulation,game<->guide
/guides/titration-curves-lab,/guides/acids-and-bases-basics,spoke->hub
/guides/titration-curves-lab,/guides/acids-bases-cheat-sheet,guide->cheatsheet
/guides/types-of-chemical-reactions-guide,/games/balancing-chemical-equations-game,hub->spoke
/guides/types-of-chemical-reactions-guide,/games/balancing-chemical-equations-worksheet,hub->spoke
/guides/types-of-chemical-reactions-guide,/games/chemical-reactions-quiz,hub->spoke
/guides/types-of-chemical-reactions-guide,/games/reaction-types-game,hub->spoke
/guides/types-of-chemical-reactions-guide,/games/reaction-types-game,related
/guides/types-of-chemical-reactions-guide,/games/solubility-rules-game,hub->spoke
/guides/types-of-chemical-reactions-guide,/games/thermodynamics-practice-problems,hub->spoke
/guides/types-of-chemical-reactions-guide,/guides/balancing-chemical-equations-practice,hub->spoke
/guides/types-of-chemical-reactions-guide,/guides/balancing-redox-net-ionic-complex-equations,hub->spoke
/guides/types-of-chemical-reactions-guide,/guides/chemical-equation-coefficients-subscripts,hub->spoke
/guides/types-of-chemical-reactions-guide,/guides/chemical-reaction-basics-guide,hub->spoke
/guides/types-of-chemical-reactions-guide,/guides/combustion-reactions-guide,hub->spoke
/guides/types-of-chemical-reactions-guide,/guides/combustion-reactions-guide,related
/guides/types-of-chemical-reactions-guide,/guides/endothermic-vs-exothermic-guide,hub->spoke
/guides/types-of-chemical-reactions-guide,/guides/how-to-balance-chemical-equations,hub->spoke
/guides/types-of-chemical-reactions-guide,/guides/redox-reactions-guide,hub->spoke
/guides/types-of-chemical-reactions-guide,/guides/redox-reactions-guide,related
/guides/types-of-chemical-reactions-guide,/guides/types-of-chemical-reactions-practice,hub->spoke
/guides/types-of-chemical-reactions-guide,/reactions/[reaction],hub->spoke
/guides/types-of-chemical-reactions-guide,/tools/chemical-equation-balancer,hub->spoke
/guides/types-of-chemical-reactions-practice,/games/chemical-reactions-quiz,game<->guide
/guides/types-of-chemical-reactions-practice,/guides/types-of-chemical-reactions-guide,spoke->hub
/guides/what-is-a-compound-chemistry,/games/chemical-formulas-practice,hub->spoke
/guides/what-is-a-compound-chemistry,/games/diatomic-elements-molecules-quiz,hub->spoke
/guides/what-is-a-compound-chemistry,/games/diatomic-elements-molecules-quiz,related
/guides/what-is-a-compound-chemistry,/games/ionic-compound-naming-game,hub->spoke
/guides/what-is-a-compound-chemistry,/games/ions-quiz,hub->spoke
/guides/what-is-a-compound-chemistry,/games/ions-quiz,related
/guides/what-is-a-compound-chemistry,/games/naming-compounds-practice,hub->spoke
/guides/what-is-a-compound-chemistry,/games/polyatomic-ions-flashcards,hub->spoke
/guides/what-is-a-compound-chemistry,/guides/chemical-formula-empirical-molecular,hub->spoke
/guides/what-is-a-compound-chemistry,/guides/chemical-formula/[compound],hub->spoke
/guides/what-is-a-compound-chemistry,/guides/chemistry-prefixes-reference,hub->spoke
/guides/what-is-a-compound-chemistry,/guides/naming-acids-bases-practice,hub->spoke
/guides/what-is-a-compound-chemistry,/guides/naming-compounds-cheat-sheet,guide->cheatsheet
/guides/what-is-a-compound-chemistry,/guides/naming-compounds-cheat-sheet,hub->spoke
/guides/what-is-a-compound-chemistry,/guides/naming-compounds-rules-prefixes,hub->spoke
/guides/what-is-a-compound-chemistry,/guides/nomenclature-practice,hub->spoke
/guides/what-is-a-compound-chemistry,/guides/polyatomic-ions-guide,hub->spoke
/guides/what-is-a-compound-chemistry,/guides/polyatomic-ions/[ion],hub->spoke
/guides/what-is-a-compound-chemistry,/guides/writing-chemical-equations-from-words,hub->spoke
/guides/what-is-a-compound-chemistry,/guides/writing-chemical-equations-practice,hub->spoke
/guides/what-is-a-compound-chemistry,/guides/writing-chemical-formulas-practice,hub->spoke
/guides/what-is-chemistry-guide,/blog/chemistry-of-everyday-life,related
/guides/what-is-chemistry-guide,/blog/fun-chemistry-facts,related
/guides/what-is-chemistry-guide,/cheat-sheets,guide->cheatsheet
/guides/what-is-chemistry-guide,/cheat-sheets,spoke->hub
/guides/what-is-chemistry-guide,/guides/ap-chemistry-cheat-sheet,guide->cheatsheet
/guides/what-is-chemistry-guide,/guides/chemistry-formulas-cheat-sheet,guide->cheatsheet
/guides/what-is-chemistry-guide,/guides/general-chemistry-guide,related
/guides/writing-chemical-equations-from-words,/guides/naming-compounds-cheat-sheet,guide->cheatsheet
/guides/writing-chemical-equations-from-words,/guides/what-is-a-compound-chemistry,spoke->hub
/guides/writing-chemical-equations-from-words,/guides/writing-chemical-equations-practice,related
/guides/writing-chemical-equations-practice,/guides/naming-compounds-cheat-sheet,guide->cheatsheet
/guides/writing-chemical-equations-practice,/guides/what-is-a-compound-chemistry,spoke->hub
/guides/writing-chemical-equations-practice,/guides/writing-chemical-equations-from-words,related
/guides/writing-chemical-formulas-practice,/games/chemical-formulas-practice,game<->guide
/guides/writing-chemical-formulas-practice,/guides/chemical-formula-empirical-molecular,related
/guides/writing-chemical-formulas-practice,/guides/chemical-formula/[compound],game<->guide
/guides/writing-chemical-formulas-practice,/guides/naming-compounds-cheat-sheet,guide->cheatsheet
/guides/writing-chemical-formulas-practice,/guides/what-is-a-compound-chemistry,spoke->hub
/reactions/[reaction],/games/balancing-chemical-equations-game,related
/reactions/[reaction],/games/balancing-chemical-equations-worksheet,related
/reactions/[reaction],/guides/balancing-chemical-equations-practice,game<->guide
/reactions/[reaction],/guides/balancing-redox-net-ionic-complex-equations,game<->guide
/reactions/[reaction],/guides/chemical-equation-coefficients-subscripts,game<->guide
/reactions/[reaction],/guides/how-to-balance-chemical-equations,game<->guide
/reactions/[reaction],/guides/types-of-chemical-reactions-guide,spoke->hub
/reactions/[reaction],/tools/chemical-equation-balancer,related
/tools/average-atomic-mass-calculator,/games/isotopes-identify,related
/tools/average-atomic-mass-calculator,/guides/atomic-structure-guide,spoke->hub
/tools/chemical-equation-balancer,/games/balancing-chemical-equations-game,related
/tools/chemical-equation-balancer,/games/balancing-chemical-equations-worksheet,related
/tools/chemical-equation-balancer,/guides/balancing-chemical-equations-practice,game<->guide
/tools/chemical-equation-balancer,/guides/balancing-redox-net-ionic-complex-equations,game<->guide
/tools/chemical-equation-balancer,/guides/chemical-equation-coefficients-subscripts,game<->guide
/tools/chemical-equation-balancer,/guides/how-to-balance-chemical-equations,game<->guide
/tools/chemical-equation-balancer,/guides/types-of-chemical-reactions-guide,spoke->hub
/tools/chemical-equation-balancer,/reactions/[reaction],related
/tools/interactive-periodic-table,/games/interactive-periodic-table,related
/tools/interactive-periodic-table,/guides/metals-nonmetals-metalloids-guide,spoke->hub
/tools/lewis-structure-generator,/games/lewis-structure-practice,related
/tools/lewis-structure-generator,/guides/formal-charge-calculation,game<->guide
/tools/lewis-structure-generator,/guides/how-to-draw-lewis-structures,game<->guide
/tools/lewis-structure-generator,/guides/lewis-dot-structures,game<->guide
/tools/lewis-structure-generator,/guides/lewis-structure/[compound],related
/tools/lewis-structure-generator,/guides/molecular-geometry-vsepr-guide,spoke->hub
/tools/molar-mass/[compound],/guides/chemistry-conversions-practice,spoke->hub
/tools/molar-mass/[compound],/guides/molar-mass-calculations,game<->guide
/tools/molar-mass/[compound],/tools/molecular-weight-calculator,related
/tools/molecular-weight-calculator,/guides/chemistry-conversions-practice,spoke->hub
/tools/molecular-weight-calculator,/guides/molar-mass-calculations,game<->guide
/tools/molecular-weight-calculator,/tools/molar-mass/[compound],related
