pillar,sub_topic,page_title,page_slug,page_type,content_type,primary_keyword,primary_volume_us,total_volume_us,targetable_volume_us,total_volume_au,keyword_count,supporting_keywords,intent,audience,winning_format,ai_overview_risk,competitors_to_beat,exists_on_site,priority_score,priority_tier,parent_slug,notes
"Acids, Bases & pH",acid-base quiz,Acids and Bases Quiz - Free Chemistry Quiz Game,/games/acids-and-bases-quiz,game,game,which one of the following is a weak acid,90500,143640,143640,310,120,complete the balanced neutralization equation for the reaction below | acid and base ph scale | acids and bases and the ph scale | acids and bases on ph scale | acids and bases ph scale | acids bases and the ph scale | ph scale base and acid | ph scale: acids and bases | ph scale of acid and base | ph scale of acids and bases,informational,high school,quiz-platform,high,quizlet.com | askfilo.com | www.cannacompanionusa.com,yes,81.57,P1,/guides/acids-and-bases-basics,Flagship acid-base quiz game [measured stage6]
"Formulas, Naming & Compounds",Formula Writing,Writing Chemical Formulas Practice - Free Game,/games/chemical-formulas-practice,game,game,provide the formula for each compound,165000,413140,413140,20,80,provide the formula for each compound | all of the following are ionic compounds except | choose the correct names of the atoms or molecules | chemistry naming practice | count atoms | counting atoms | name the compounds spelling counts | ions game | ions games | chemical suffix crossword clue,informational,high school,article,high,chem.libretexts.org | www.cannacompanionusa.com | flexbooks.ck12.org,partial,81.16,P1,/guides/what-is-a-compound-chemistry,Game despite type=guide; loads practice intent. [measured stage6]
States of Matter & Physical/Chemical Change,Change Types,Physical & Chemical Changes Quiz - Free Game,/games/physical-and-chemical-changes-quiz,game,game,chemical change,40500,396390,396390,20,54,chemical change | chemical change change | chemical change chemistry | chemical change in chemistry | chemical changes | chemical changes chemistry | chemical changes in chemistry | chemicals changes | boiling egg chemical change | boiling egg is a chemical change,informational,high school,article,high,chem.libretexts.org | flexbooks.ck12.org | www.thoughtco.com,partial,80.98,P1,/guides/chemical-vs-physical-changes-guide,Quiz game on change classification; format distinguishes from guide. [measured stage6]
Teachers & Classroom,Lab Experiments,Chemistry Experiments for High Schoolers: Fun Ideas,/games/chemistry-experiments-high-school,game,blog,chemical experiments,301000,1231440,1231440,0,15,chemistry an experiment | chemistry science experiment | chemistry science experiments | elephant toothpaste chemistry experiment | chemical in glow sticks | chemistry of glow sticks | glow stick chemistry | glow sticks chemical | glow sticks chemistry | chemistry experiments for high schoolers,informational,high school,article,high,www.acs.org | www.sciencebuddies.org | melscience.com,no,80.9,P1,/guides/periodic-table-worksheet,Interactive experiment games (elephant toothpaste etc) - keep game format. [measured stage6]
Chemical Bonding & Molecular Structure,Bonding Basics,Covalent vs Ionic Bonds Quiz - Bonding Practice Game,/games/covalent-ionic-bonds-game,game,guide,covalent bond vs ionic,33100,1083890,1083890,0,64,covalent bonding vs ionic bonding | covalent bonds vs ionic | covalent versus ionic bonds | covalent vs ionic | covalent vs ionic bond | covalent vs ionic bonding | covalent vs ionic bonds | covalent vs ionic compounds | ionic bond vs covalent | ionic bonding vs covalent,informational,high school,article,high,chemistrytalk.org | chem.libretexts.org | www.reddit.com,no,80.35,P1,/guides/molecular-geometry-vsepr-guide,Game despite input type=guide; loads game intent. [measured stage6]
Atomic Structure & Electron Configuration,atom builder,Atomic Structure & Mass - Build an Atom Game,/games/build-an-atom-game,game,game,mass of an atom,33100,820710,820710,10,102,mass of atom | masses of atoms | radii of atoms | radius atomic | radius of a atom | radius of an atom | radius of atom | radius of the atom | atomic mass | atomic size and atomic radius,informational,high school,article,high,en.wikipedia.org | www.khanacademy.org | pubchem.ncbi.nlm.nih.gov,no,79.14,P1,/guides/atomic-structure-guide,Atom building game covering structure & mass [measured stage6]
Periodic Table & Elements,Interactive Tool,Interactive Periodic Table - Explore Elements,/games/interactive-periodic-table,game,game,periodic table interactive,110000,633250,633250,110,90,interactive periodic table | interactive periodic table of elements | interactive periodic tables | interactive table of elements | ptable periodic table | periodic table colouring | augmented reality periodic table | ptable com periodic table | ptable.com periodic table | periodic table names and elements,informational,high school,tool,high,ptable.com | www.fishersci.com | periodic-table.rsc.org,no,78.02,P1,/guides/metals-nonmetals-metalloids-guide,Same tool intent; merge into interactive-periodic-table tool. [measured stage6]
Atomic Structure & Electron Configuration,atom parts,"Atom Basics: Parts, Definitions & Structure Game",/games/atom-structure-parts-game,game,guide,atom definition,49500,1119250,1119250,0,91,atom definition | atomic fusion | atoms definition | define atoms | definition for atom | definition of an atom | definition of atom | definition of atoms | what are ion | what are ions,informational,high school,article,high,www.merriam-webster.com | www.iaea.org | www.nrc.gov,no,76.49,P1,/guides/atomic-structure-guide,Atom parts/definitions game [measured stage6]
Periodic Table & Elements,Labeling Games,Label the Periodic Table Game - Groups & Elements,/games/label-periodic-table,game,game,label periodic table element,33100,378710,378710,150,46,label the periodic table | labeled element periodic table | labeled periodic table | labeled periodic table element | labeling elements periodic table | labeling the periodic table | labelled periodic table | labelled periodic table of elements | labelling periodic table | labeling periodic table,informational,high school,mixed,low,pubchem.ncbi.nlm.nih.gov | www.energy.gov | www.youtube.com,no,75.78,P1,/guides/metals-nonmetals-metalloids-guide,Labeling game; distinct gameplay from element quiz. [measured stage6]
Chemical Reactions & Balancing Equations,balancing equations,Balancing Chemical Equations Game - Free Practice,/games/balancing-chemical-equations-game,game,game,chemistry balancing chemical equations,49500,281200,281200,5700,243,balancing chemical equations | identify which of the following equations are balanced | balancing equations | balance equations | balance chemical equations | balancing chemical equations practice | practice for balancing chemical equations | balancing equations practice chemistry | practice of balancing chemical equations | practice balancing equations,informational,high school,mixed,high,www.youtube.com | phet.colorado.edu | www.khanacademy.org,yes,75.49,P1,/guides/types-of-chemical-reactions-guide,Flagship balancing game (highest volume) [measured stage6]
Chemical Reactions & Balancing Equations,Reaction Types,Types of Chemical Reactions Game - Virtual Lab,/games/reaction-types-game,game,game,match the reaction with its correct definition,60500,97630,97630,210,67,classify each reaction according to whether a precipitate forms | reactions and rates | which of the following does not represent an oxidation reaction | which of the following reactions are redox reactions | reaction lab | reaction labs | classify reactions | classifying reactions | which of the following is a redox reaction | oxidation number practice,informational,high school,quiz-platform,high,quizlet.com | www.chegg.com | brainly.com,partial,74.9,P1,/guides/types-of-chemical-reactions-guide,Interactive classification game; primary reaction-types game. [measured stage6]
Chemical Reactions & Balancing Equations,balancing equations,Chemical Equation Balancer - Balance Reactions Online,/tools/chemical-equation-balancer,game,game,balancing chemical equations balancer,49500,296170,296170,2470,94,equation balancer chemistry | balanced molecular equation | chemical equation balancer | chemical formula balancer | balance chemical equations calculator | balance equation calculator | balancing chemical equations solver | balancing chemistry equations calculator | balancing equations calculator | balancing equations solver,informational,high school,tool,low,www.pearson.com | phet.colorado.edu | play.google.com,no,74.72,P1,/guides/types-of-chemical-reactions-guide,Interactive balancing calculator tool [measured stage6]
"Stoichiometry, Moles & Molar Mass",Stoichiometry Practice,Stoichiometry Practice (Mole-to-Mole & Mass-to-Mass),/games/stoichiometry-practice,game,guide,stoichiometry,74000,274750,274750,1360,298,stoichiometry | stoichiometry stoichiometry | practice problems stoichiometry | practice problems for stoichiometry | practice stoichiometry problems | stoichiometry practice problems | stoichiometry example problems | stoichiometry examples problems | lab 27 stoichiometry and chemical reactions answers | practice stoichiometry,informational,high school,article,high,en.wikipedia.org | www.khanacademy.org | www.chem.fsu.edu,no,74.39,P1,/guides/chemistry-conversions-practice,Interactive stoichiometry practice; core game for pillar. [measured stage6]
Atomic Structure & Electron Configuration,electron configuration,Electron Configuration Practice Game,/games/electron-configuration-orbital-practice,game,guide,atom configuration,90500,555390,555390,0,77,atomic configuration | atom orbital | orbital atom | atom orbital diagram | atomic orbital diagram | diagram of orbitals | orbital diagram | orbital diagrams | orbitals diagram | electron configuration chart,informational,high school,article,high,chem.libretexts.org | www.chem.fsu.edu | www.accessscience.com,no,73.45,P1,/guides/atomic-structure-guide,Orbital diagram & configuration practice game [measured stage6]
"Stoichiometry, Moles & Molar Mass",Molar Mass Tools,Molar Mass Calculator & Molecular Weight Finder,/tools/molecular-weight-calculator,game,guide,molecular weight calculator,74000,544960,544960,0,15,calculate molecular weights | calculate the molecular mass | calculation molecular weight | molecular weight calculations | chemical weight calculator | molecular weight calculators | molecular weight finder | mass molecular weight | molecular weight koh | molecular weight of koh,informational,high school,tool,high,www.lenntech.com | www.selleckchem.com | www.calculatorsoup.com,no,73.36,P1,/guides/chemistry-conversions-practice,Interactive weight calculator; tool qualifies as game type. [measured stage6]
Atomic Structure & Electron Configuration,atom parts,Protons Neutrons Electrons Calculator Game,/games/calculate-protons-neutrons-electrons,game,guide,how to determine electrons,12100,169620,169620,0,37,how to determine electrons | how do you determine the mass of an atom | atomic mass and average atomic mass | how to determine atomic mass | how to calculate neutrons protons and electrons | how to calculate protons neutrons and electrons | how to determine protons neutrons and electrons | how to find electrons from protons and neutrons | how to find neutron proton and electron | how to find proton neutron and electron,informational,high school,article,high,chemistrytalk.org | www.reddit.com | www.labxchange.org,no,72.3,P1,/guides/atomic-structure-guide,Interactive subatomic particle calculator game [measured stage6]
Chemical Reactions & Balancing Equations,Solubility,Solubility Rules Game - Learn What Dissolves,/games/solubility-rules-game,game,guide,solubility,49500,390630,390630,10,16,abbreviated qualitative analysis scheme | solubility and insolubility rules | solubility guidelines | solubility rules | solubility rule | solute vs solvent vs solution | solution vs solvent | solvent vs solution | hayden mcneil lab solutions chemistry answers | hayden-mcneil lab solutions chemistry answers,informational,high school,article,high,en.wikipedia.org | www.ebsco.com | www.ncbi.nlm.nih.gov,no,71.92,P1,/guides/types-of-chemical-reactions-guide,Solubility game; keep game format per intent. [measured stage6]
Chemical Reactions & Balancing Equations,Practice & Worksheets,Chemical Reactions Quiz - Free Online Game,/games/chemical-reactions-quiz,game,game,chemistry reactions quiz,140,14110,14110,40,36,net ionic equation practice | net ionic equations practice | a starting material in a chemical reaction | chemistry reactions quiz | chemistry reaction quiz | chemical reaction quiz | chemical reaction word search | chemical reactions quizzes | quiz chemical reactions | quiz on chemical reactions,informational,high school,article,low,chemquiz.net | www.footprints-science.co.uk | quizlet.com,yes,71.5,P1,/guides/types-of-chemical-reactions-guide,Broad reaction quiz; playable format vs guides. [measured stage6]
States of Matter & Physical/Chemical Change,States of Matter,States of Matter Game - Free Online Chemistry Game,/games/states-of-matter-game,game,game,state of matter,40500,340610,340610,230,82,state of matters | states of matter | states of matter and | forms of matter | phet states of matter | state of matter phet | states of matter phet | three state of matter | how many state of matter are there | how many types of matter are there,informational,high school,article,high,en.wikipedia.org | www.ebsco.com | www.grc.nasa.gov,no,71.32,P1,/guides/chemical-vs-physical-changes-guide,States of matter interactive game. [measured stage6]
"Formulas, Naming & Compounds",Compound Basics,Diatomic Elements & Molecules Quiz,/games/diatomic-elements-molecules-quiz,game,guide,diatomic atom,22200,111880,111880,0,6,diatomic elements | diatomic metals | diatomic molecules elements | elements with diatomic molecules | molecule with 1 single element,informational,high school,article,high,en.wikipedia.org | study.com | www.nde-ed.org,no,70.49,P1,/guides/what-is-a-compound-chemistry,Quiz despite type=guide; game intent load. [measured stage6]
Chemical Reactions & Balancing Equations,balancing equations,How to Balance Chemical Equations - Step-by-Step Guide,/guides/how-to-balance-chemical-equations,guide,guide,balancing equations chemistry,49500,690570,690570,14990,117,balancing chemistry formulas | chemical equations and balancing | chemistry balancing equations | how to do chemical equations balance | chemistry how to balance chemical equations | how to balance chemical equations | how to balance chemical equations in chemistry | how to balance a chemical equations | how to balance the chemical equations | how to balance a chemical equation,informational,high school,article,high,www.youtube.com | chem.libretexts.org | www.khanacademy.org,yes,67.39,P1,/guides/types-of-chemical-reactions-guide,Flagship balancing how-to guide [measured stage6]
Periodic Table & Elements,Element Classification,"Metals, Nonmetals & Metalloids on the Periodic Table",/guides/metals-nonmetals-metalloids-guide,pillar_hub,guide,non metals of periodic table,33100,5873850,5873850,0,486,p periodic table | periodic table 6 7 | periodic table 67 | non metal periodic table | non metals of periodic table | non metals periodic table | non metals periodic table of elements | non-metal periodic table | nonmetal periodic table | labels periodic table,informational,high school,article,high,en.wikipedia.org | chemistrytalk.org | pmc.ncbi.nlm.nih.gov,no,66.69,P1,,Classification guide; covers halogens & transition metals. [measured stage6]
Periodic Table & Elements,Groups & Families,Periodic Table Groups & Families Explained,/guides/periodic-table-groups,guide,guide,group a elements on the periodic table,49500,3463640,3463640,0,236,group of elements periodic table | inert gases noble gases | periodic table element groups | periodic table elements group | periodic table groups | periodic table of elements group | periodic table what is a group | table of elements group | group a elements in the periodic table | group a in periodic table,informational,high school,article,high,pubchem.ncbi.nlm.nih.gov | en.wikipedia.org | www.livescience.com,no,64.4,P1,/guides/metals-nonmetals-metalloids-guide,Guide intent dominates; keep quiz subcontent internal. [measured stage6]
Periodic Table & Elements,Reading the Table,"Periodic Table: Protons, Neutrons & Atomic Mass",/guides/periodic-table-protons-neutrons-guide,guide,guide,periodic,49500,3458650,3458650,10,274,atomic number and | atomization | atoms number | atomic no | atomic number of atoms | periodic | 67 periodic table | what is a an element | an element is what | what is an element,informational,high school,tool,high,ptable.com | pubchem.ncbi.nlm.nih.gov | periodic-table.rsc.org,no,64.39,P1,/guides/metals-nonmetals-metalloids-guide,How to find protons/neutrons guide. [measured stage6]
Chemical Reactions & Balancing Equations,balancing equations,Balancing Chemical Equations Practice Problems,/guides/balancing-chemical-equations-practice,guide,guide,chemistry equations,22200,339230,339230,450,104,chemistry equations | equation of chemistry | equations chemistry | what coefficients would balance the following equation | chemical equations to balance | fecl3 cocl2 ionic equation | coefficient chemistry definition | coefficient meaning in chemistry | coefficients chemistry definition | definition of coefficient in chemistry,informational,high school,article,high,www.youtube.com | chem.libretexts.org | www.chem.fsu.edu,yes,64.31,P1,/guides/types-of-chemical-reactions-guide,Practice problems guide [measured stage6]
Chemistry Games Hub,Games Index,Chemistry Games - Free Online Interactive Mini-Games,/games,pillar_hub,game,,0,0,0,0,0,,navigational,high school,tool,low,,yes,0.0,P1,,Existing site index page. Not a keyword target - fix title/H1/canonical and use as the pillar link hub.
Study Skills & Cheat Sheets,Cheat Sheet Index,Chemistry Cheat Sheets - Quick Reference Guides,/cheat-sheets,pillar_hub,guide,,0,0,0,0,0,,navigational,high school,article,low,,yes,0.0,P1,,Existing site index page. Not a keyword target - fix title/H1/canonical and use as the pillar link hub.
Periodic Table & Elements,Element Quiz Games,Elements Quiz - Best Guess-the-Element Challenge,/games/element-quiz,game,game,element quiz,1600,66090,66090,2630,214,periodic elements quiz | table of elements quiz | element quiz | element quizzes | quiz element | crossword clue metallic element | elemental quizzes | elements quiz | elements quizzes | metallic element crossword clue,informational,high school,tool,low,jetpunk.com | proprofs.com | teachchemistry.org,no,68.2,P2,/guides/metals-nonmetals-metalloids-guide,Named quiz variant; keep distinct from periodic-table-game.
Chemistry Games Hub,General Chemistry Games,Chemistry Quiz - Free Online General Chemistry Game,/games/chemistry-quiz,game,game,chemquiz,5400,54480,54480,2160,182,doctor doe chemistry quiz | doctor doe's chemistry quiz | dr doe chemical quiz | quiz on chemistry | quiz for chemistry | chemistry science quiz | quiz about chemistry | chemistry quiz | quiz chemistry | chemical question,informational,high school,tool,low,chemquiz.net | proprofs.com | teachchemistry.org,no,67.36,P2,/games,General chemistry quiz game.
Chemical Bonding & Molecular Structure,Molecular Geometry,Molecule Builder Game - Build Molecules Free,/games/molecule-builder-game,game,game,phet molecule shapes,6600,42050,42050,40,29,phet molecules shapes | build a molecule phet | phet build a molecule | phet building molecules | build a molecule | molecular model | molecule builder | element combination game | element combining games | elements combination game,informational,high school,tool,low,interactivechemistry.org | purposegames.com | teachchemistry.org,partial,67.24,P2,/guides/molecular-geometry-vsepr-guide,Molecule building game.
Chemical Bonding & Molecular Structure,Molecular Geometry,Molecular Shape Builder Game - Build & Identify Molecules,/games/molecular-shape-builder,game,guide,molecular shape phet,6600,47370,47370,0,10,molecular shapes phet | molecule shape phet | molecule shapes phet | phet molecular geometry | phet molecular shape | phet molecule shape | molecular geometry practice | molecular shape practice | molecular shapes practice,informational,high school,tool,low,chemquiz.net,no,66.76,P2,/guides/molecular-geometry-vsepr-guide,Interactive VSEPR shape builder game.
Periodic Table & Elements,Element Memorization,Periodic Table Flashcards - Learn Elements by Symbol,/games/periodic-table-flashcards,game,game,two letter symbol from the periodic table,4400,35710,35710,610,69,two-letter symbol from the periodic table | flashcards of periodic table elements | periodic table elements flash cards | periodic table flash cards | periodic table flashcards | periodic table of elements flashcards | periodic table memorization game | memorizing the periodic table game | memorize periodic table game | memorize the periodic table game,informational,high school,tool,low,funbrain.com | teacherspayteachers.com | wordwall.net,no,65.53,P2,/guides/metals-nonmetals-metalloids-guide,Flashcard memorize game for element symbols; standalone game intent.
"Formulas, Naming & Compounds",Polyatomic Ions,Polyatomic Ions Flashcards - Free Online Game,/games/polyatomic-ions-flashcards,game,game,determine the name or formula for each polyatomic ion,22200,34890,34890,20,24,polyatomic ion quiz | polyatomic ions quiz | polyatomic naming | name the polyatomic ions | memorize polyatomic ions | polyatomic ion memorization | polyatomic ions memorization | polyatomic ions memorize | remembering polyatomic ions | polyatomic ions flashcards,informational,high school,tool,low,proprofs.com | jetpunk.com | breslyn.org,no,65.43,P2,/guides/what-is-a-compound-chemistry,Flashcard game for polyatomic ions.
States of Matter & Physical/Chemical Change,Change Types,Physical vs Chemical Change Game - Classify It,/games/physical-vs-chemical-change-game,game,guide,physical change vs chemical change,12100,85720,85720,20,10,physical vs chemical change | physical vs chemical changes | chemical change vs physical | chemical or physical changes | chemical versus physical changes | chemical vs physical changes | chemical and physical | five different types of chemical reactions | what types of chemical reactions are there,informational,high school,tool,low,labxchange.org | teachchemistry.org,no,65.33,P2,/guides/chemical-vs-physical-changes-guide,Note input type='guide' mislabeled; classify as game per slug/format.
Periodic Table & Elements,Element Quiz Games,Periodic Table Game - Free Online Element Quiz,/games/periodic-table-game,game,game,quiz about the periodic table,6600,268940,268940,15340,334,quiz about the periodic table | elements periodic table quiz | periodic table of the elements quiz | quiz periodic table of elements | periodic table element quiz | quiz periodic table | quiz the periodic table | quiz on the periodic table of elements | periodic table quiz | periodic table elements quiz,informational,high school,tool,high,funbrain.com | jetpunk.com | wordwall.net,no,65.3,P2,/guides/metals-nonmetals-metalloids-guide,Core element-identification quiz game.
"Formulas, Naming & Compounds",Naming Compounds,"Ionic Compound Naming Game: Cations, Anions & Transition Metals",/games/ionic-compound-naming-game,game,guide,ionic compound,27100,71460,71460,10,20,ionic compounds | ionic charge | ion names | ion naming | ions name | ions names | name of ions | names of ions | naming ions | naming of ions,informational,high school,tool,low,breslyn.org | purposegames.com,no,64.54,P2,/guides/what-is-a-compound-chemistry,Game despite type=guide; naming practice load.
"Formulas, Naming & Compounds",Polyatomic Ions,"Polyatomic Ions Guide - List, Chart & Naming Rules",/guides/polyatomic-ions-guide,guide,guide,polyatomic compound,60500,1046550,1046550,1270,109,polyatomic formulas | ion polyatomic | polyatomic anions | polyatomic cation | polyatomic cations | polyatomic compounds | polyatomic ion | polyatomic ions | polyatomic anion | compound ion,informational,high school,article,high,breslyn.org | teacherspayteachers.com | labxchange.org,partial,64.2,P2,/guides/what-is-a-compound-chemistry,Hub for polyatomic ions topic.
Chemical Reactions & Balancing Equations,Reaction Types,Types of Chemical Reactions Guide & Examples,/guides/types-of-chemical-reactions-guide,pillar_hub,guide,different types of chemical reactions,18100,1037930,1037930,6890,387,chemical types of reactions | types of chemical reactions | categories of chemical reactions | chemical reaction and types | chemical reaction type | chemical reaction types | chemical reactions type | chemical reactions types | chemistry reaction types | chemistry reactions types,informational,high school,article,high,chemistrytalk.org | breslyn.org | labxchange.org,partial,64.16,P2,,Core reaction-type guide; 387 kw; distinct from basics hub.
Chemistry Games Hub,Hubs & Collections,Chemistry Games for High School - Free Online Learning,/games/chemistry-games-for-high-school,game,game,chemistry games,1900,25340,25340,1530,170,games with chemistry | games in chemistry | chemical game | chemistry the game | quiz questions about chemistry | free chemistry | chemical simulator | chemistry simulation | simulations chemistry | educational games for elementary students free,informational,high school,article,low,interactivechemistry.org | teachchemistry.org | scichamp.com,no,64.04,P2,/games,Hub-style collection of chemistry games.
Periodic Table & Elements,Reading the Table,Periodic Table Charges & Valence Electrons Guide,/guides/periodic-table-charges-valence-guide,guide,guide,periodic table of elements and charges,60500,3177050,3177050,0,272,periodic table of elements charges | periodic table of elements with charge | periodic table of elements with charges | periodic table of the elements charges | periodic table of the elements with charges | periodic table with charges | table of elements charges | valence electron | valence electrons | valence numbers,informational,high school,article,high,coolperiodictable.com | periodictable.one | breslyn.org,no,64.02,P2,/guides/metals-nonmetals-metalloids-guide,Charges & valence electrons guide; distinct from cheat sheet.
Organic Chemistry,Functional Groups Games,Organic Chemistry Quiz - Functional Groups Game,/games/organic-chemistry-quiz,game,game,functional groups organic chemistry quiz,590,22120,22120,370,39,functional group quizzes | functional groups quiz | crossword clue for organic compound | crossword clue organic compound | crossword puzzle clue organic compound | organic compound crossword clue | organic compound crossword puzzle clue | chemistree | functional groups organic chemistry quiz | functional groups quiz organic chemistry,informational,high school,tool,low,proprofs.com | chemquiz.net | interactivechemistry.org,no,63.45,P2,/guides/organic-chemistry-guide,Functional group quiz game; distinct from flashcards.
Chemical Bonding & Molecular Structure,Bonding Basics,Chemical Bonding Basics - Molecule Definition & Bond Types,/guides/bonding-basics-guide,guide,guide,covalent bonding,90500,2558290,2558290,30,149,covalent chemical bond | covalent chemical bonds | bond | covalent bond | covalent bond bond | covalent bonding | covalently bonded | quantum bonding | ionic bond | definition molecule,informational,high school,article,high,teachchemistry.org | proprofs.com,no,63.08,P2,/guides/molecular-geometry-vsepr-guide,Pillar hub for bonding; molecule & bond type intro.
Study Skills & Cheat Sheets,General Chemistry Intro,What Is Chemistry? A Simple Guide for Students,/guides/what-is-chemistry-guide,guide,guide,what are the matters,49500,2341290,2341290,1300,153,chemistry and chemicals | what are the matters | what is matter what is matter | water molecular | what are atoms | what is molecular | atom what is it | water molecules | what atom is | what is a an atom,informational,high school,article,high,labxchange.org | sciencetrek.org | teachchemistry.org,no,62.69,P2,/cheat-sheets,General intro guide; informational. Keep as top-level basics resource.
Chemical Bonding & Molecular Structure,Bonding Basics,Bonding Practice Game - Lewis Structures & Chemical Bonds,/games/bonding-practice,game,game,classify these bonds as ionic or covalent,22200,141890,141890,280,170,classify these bonds as ionic or covalent | which of the following would form ionic bonds | which of the following forms the most polar bond | which of the following is a nonpolar molecule | change the bond between the two carbon atoms | classify whether each compound contains an ionic bond | lewis structure practice | practice lewis structure | lewis dot structure practice | select the correct electron dot formulas,informational,high school,article,high,interactivechemistry.org | proprofs.com | chemquiz.net,no,62.52,P2,/guides/molecular-geometry-vsepr-guide,Broad bonding quiz game.
Atomic Structure & Electron Configuration,atomic models,"Atom Model History - Bohr, Dalton & Thomson Guide",/guides/atomic-models-history,guide,guide,bohr atomic,74000,2059090,2059090,0,124,bohr's atomic model | model of atom bohr | atom bohr | bohr atom | bohr atom model | bohr model for atom | bohr's atom | model atom bohr | bohr atomic model | electrons and valence electrons,informational,high school,article,high,teachchemistry.org | breslyn.org | labxchange.org,no,62.14,P2,/guides/atomic-structure-guide,Historical atomic models guide (high volume)
Chemical Bonding & Molecular Structure,Molecular Geometry,"Molecular Geometry & VSEPR Guide - Shapes, Bond Angles",/guides/molecular-geometry-vsepr-guide,pillar_hub,guide,chemical geometry,49500,1956740,1956740,0,112,molecular shape and geometry | bond angle molecular geometry | bond angles | geometry chemistry | molecular geometry bond angles | atom geometry | electron geometry | molecular geometries | molecular geometry | molecular shape,informational,high school,article,high,chemquiz.net | purposegames.com | chemistrytalk.org,no,61.92,P2,,Core VSEPR theory + shapes guide.
Atomic Structure & Electron Configuration,atom parts,Subatomic Particles Game & Crossword - Free Practice,/games/subatomic-particles-puzzle,game,game,subatomic particle with a negative charge,1600,35110,35110,70,48,subatomic particle crossword | subatomic particle crossword clue | subatomic particle crossword puzzle | subatomic particles crossword clue | subatomic particle with a negative charge | subatomic particle with negative charge | subatomic particles with a negative charge | which subatomic particle has a negative charge | subatomic particle with a positive charge | subatomic particle with positive charge,informational,high school,tool,low,proprofs.com | wordwall.net | breslyn.org,no,61.46,P2,/guides/atomic-structure-guide,Particle crossword/puzzle game
Atomic Structure & Electron Configuration,atom parts,Atomic Structure Diagram Game - Label Parts of an Atom,/games/label-the-atom,game,game,atom to label,2400,34040,34040,0,13,atom to label | label an atom | label atom | label the atom | labeling an atom | atom labeling | atom labels | atoms labeled | label of an atom | labels of an atom,informational,high school,tool,low,teacherspayteachers.com | wordwall.net,no,61.32,P2,/guides/atomic-structure-guide,Label the atom diagram game
Periodic Table & Elements,Reading the Table,How To Read The Periodic Table,/guides/how-to-read-the-periodic-table,guide,guide,periodic table and labels,33100,1699980,1699980,2040,239,periodic table element labeled | periodic table element labels | periodic table elements labeled | periodic table labeling | periodic table labelled | periodic table of elements with label | periodic table of elements with labels | periodic table with labels | table of elements labeled | periodic element labeled,informational,high school,article,high,periodictable.one | teacherspayteachers.com | coolperiodictable.com,no,61.3,P2,/guides/metals-nonmetals-metalloids-guide,Reading guide; overlaps labels - keep distinct broad guide.
Chemical Reactions & Balancing Equations,balancing equations,Balancing Chemical Equations Worksheet & Practice,/games/balancing-chemical-equations-worksheet,game,game,balancing chemical equations worksheet,3600,8130,8130,1110,23,balancing chemical reactions worksheet | balancing chemical equations game answer key level 1 | phet balancing chemical equations answer key level 3 | balancing chemical equations game answer key | balancing chemical equations game answers level 1 | balancing chemical equations practice and answers | balancing chemical equations practice with answers | practice balancing chemical equations with answers | balancing chemical equations practice answers | balancing equations practice sheet,informational,high school,tool,low,scichamp.com | teacherspayteachers.com,yes,61.11,P2,/guides/types-of-chemical-reactions-guide,Worksheet version with answer key
Periodic Table & Elements,Trends & Patterns,Periodic Table Trends - Interactive Practice,/guides/periodic-table-trends,guide,guide,periodic table by electronegativity,33100,1585240,1585240,10,95,periodic table for electronegativity | periodic table of electronegativities | periodic table of electronegativity | periodic table of elements electronegativity | periodic table with electronegativity | atomic radius | atomic radius of atoms | atoms radius | electronegativity in the periodic table | electronegativity of elements in periodic table,informational,high school,article,high,chemistrytalk.org | teachchemistry.org | labxchange.org,no,61.0,P2,/guides/metals-nonmetals-metalloids-guide,"Trends guide intent (electronegativity, radius); game internal."
Periodic Table & Elements,Cheat Sheets,Periodic Table Cheat Sheet - Charges Reference,/guides/periodic-table-cheat-sheet,guide,guide,charge of elements in periodic table,60500,1526970,1526970,110,49,charge of elements on periodic table | charge of elements periodic table | charge of periodic table | charge of the periodic table | charge on periodic table | charge periodic table | charge table of elements | charges for periodic table | charges for the periodic table | charges in periodic table,informational,high school,article,high,chemistrytalk.org | teacherspayteachers.com | chemquiz.net,no,60.84,P2,/guides/metals-nonmetals-metalloids-guide,Charges cheat sheet reference; overlaps charges guide slightly.
"Acids, Bases & pH",titration,Acid-Base Titration Simulation - Free Virtual Lab,/games/acid-base-titration-simulation,game,game,titration,60500,74900,74900,100,38,chemical titration | chemistry titration | chemistry titrations | lab on titration | lab titration | laboratory titration | titration of an acid | how to do a titration | how to do titration | how to do titrations,informational,high school,tool,low,teachchemistry.org | chemquiz.net,no,60.75,P2,/guides/acids-and-bases-basics,Titration simulation game
"Formulas, Naming & Compounds",Compound Basics,What Is a Compound? Chemistry Definition & Examples,/guides/what-is-a-compound-chemistry,pillar_hub,guide,compound,110000,1421300,1421300,0,93,compounds | cn compound | chemical ch | chemical c | ho compound | what are compounds | what is a compound | what is a compound chemistry | what is compound chemistry | compounds definition,informational,high school,article,high,sciencetrek.org | labxchange.org,no,60.53,P2,,Compound definition guide.
Chemical Reactions & Balancing Equations,Reaction Fundamentals,Chemical Reaction Basics Guide & Definitions,/guides/chemical-reaction-basics-guide,guide,guide,chemical and reactions,49500,1248550,1248550,0,90,chemical reaction | chemical reaction and | chemical reactions | reaction chemistry | reactions chemistry | chemical reactions and | chemistry of reaction | chemistry reaction | chemistry reactions | reacting chemicals,informational,high school,article,high,chemistrytalk.org | breslyn.org,no,59.96,P2,/guides/types-of-chemical-reactions-guide,Pillar hub for reactions; mega-head 'chemical reaction' terms.
States of Matter & Physical/Chemical Change,Change Types,Chemical Changes & Physical Changes Guide,/guides/chemical-vs-physical-changes-guide,pillar_hub,guide,chemistry changes,40500,1188970,1188970,0,97,chemistry changes | and chemical changes | change chemical | change chemically | change in chemistry | chemical and chemical changes | example for chemical change | chemical change and example | chemical change ex | chemical change example,informational,high school,article,high,teacherspayteachers.com | labxchange.org | teachchemistry.org,no,59.75,P2,,Change-distinction guide; sits under states-of-matter pillar not reactions.
Chemical Reactions & Balancing Equations,Reaction Types,Redox Reactions & Oxidation-Reduction Guide,/guides/redox-reactions-guide,guide,guide,oxidation redox reaction,27100,1145770,1145770,30,91,oxidation and reduction reaction | oxidation or reduction reaction | oxidation redox reaction | oxidation reduction chemical reaction | oxidation reduction reactions | oxidation vs reduction reaction | oxidation-reduction reactions | oxidizer reaction | oxidoreduction reactions | reaction of oxidation and reduction,informational,high school,article,high,breslyn.org | chemicalaid.com | chemquiz.net,no,59.59,P2,/guides/types-of-chemical-reactions-guide,All redox keywords guide; sub-topic reaction types.
Atomic Structure & Electron Configuration,isotopes,Isotopes Game - Identify & Build Isotope Sets,/games/isotopes-identify,game,game,which set of atoms are isotopes,12100,22120,22120,0,10,for each set of atoms identify the isotopes | nuclear reaction simulation | nuclear reaction simulator | phet isotopes and atomic mass | isotope phet | isotopes phet | phet isotopes | select the isotopes | which of the following is true statement about isotopes,informational,high school,tool,low,chemquiz.net,no,59.45,P2,/guides/atomic-structure-guide,Isotope identification game
Study Skills & Cheat Sheets,Cheat Sheets,Chemistry Formulas Cheat Sheet - Equations & Reference,/guides/chemistry-formulas-cheat-sheet,guide,guide,chemistry formulas,110000,1094610,1094610,3650,356,kinetics equations | chemistry formulas | homogeneous chemistry | c h formula | ideal gas laws | chemistry interactions | nernst formula | nernstian equation | what is a mole unit | equation for wavelength,informational,high school,article,high,teacherspayteachers.com | breslyn.org | chemicalaid.com,no,59.39,P2,/cheat-sheets,Formula sheet reference; high volume guide.
Chemical Bonding & Molecular Structure,Bond Polarity,Electronegativity & Polar Molecules Guide - Bond Polarity Chart,/guides/electronegativity-polarity-guide,guide,guide,chart of electronegativity,49500,1027730,1027730,0,74,electronegativity chart | nonpolar vs polar molecules | polar molecule vs nonpolar | what is electronegativity | what is the electronegativity | covalent bond and polar covalent bond | covalent polar bond | definition electronegativity | definition of electronegativity | electronegativity means,informational,high school,article,high,chemistrytalk.org | chemquiz.net | breslyn.org,no,59.12,P2,/guides/molecular-geometry-vsepr-guide,Electronegativity chart + polarity guide.
Organic Chemistry,Nomenclature Games,Organic Nomenclature Quiz - IUPAC Naming Game,/games/organic-nomenclature-quiz,game,game,organic compound namer,1900,6760,6760,120,20,iupac nomenclature practice | naming alkanes quiz | nomenclature of alkanes quiz | chemistry nomenclature quizzes | nomenclature quiz | nomenclature quizzes | quiz nomenclature | quiz on nomenclature | naming organic compounds quiz | nomenclature organic chemistry quiz,informational,high school,tool,low,chemquiz.net | chemicalaid.com | purposegames.com,no,58.31,P2,/guides/organic-chemistry-guide,IUPAC naming quiz; distinct from naming-practice.
Chemical Bonding & Molecular Structure,Intermolecular Forces,Intermolecular Forces Guide - Hydrogen Bonding & More,/guides/intermolecular-forces-guide,guide,guide,identifying the intermolecular forces between atoms ions and molecules,33100,823230,823230,0,43,h-bonding | hydrogen bond | hydrogen bonding | hydrogen hydrogen bonding | bonding of hydrogen | bonds in hydrogen | h bond | identifying the intermolecular forces between atoms ions and molecules | intermolecular attraction | intermolecular attractions,informational,high school,article,high,teachchemistry.org | chemistrytalk.org | chemquiz.net,no,58.16,P2,/guides/molecular-geometry-vsepr-guide,"IMFs, H-bonds, dispersion forces guide."
States of Matter & Physical/Chemical Change,Energy & Properties,Chemical Energy & Properties Reference Guide,/guides/chemical-energy-and-properties-guide,guide,guide,chemical ionization,110000,776820,776820,70,78,law of conservation matter | law of conservation of matter mass | matter conservation | chemistry energy | define an ion | definition of ions | ion definition | chemical characteristics | chemical energy | chemical property,informational,high school,article,high,teachchemistry.org | chemistrytalk.org | sciencetrek.org,no,57.9,P2,/guides/chemical-vs-physical-changes-guide,"Chemical energy, conservation of matter, physical/chemical properties."
Chemical Bonding & Molecular Structure,Lewis Structures,Lewis Dot Structures & Diagrams Guide (Electron Dot Formulas),/guides/lewis-dot-structures,guide,guide,lewis bond structure,40500,698570,698570,0,105,lewis diagram | lewis diagrams | lewis structure | lewis structures | lewis formula | dot lewis structure | lewis dot model | lewis dot structure | lewis dot structures | lewis dot system,informational,high school,article,high,chemicalaid.com | chemistrytalk.org | chemquiz.net,no,57.44,P2,/guides/molecular-geometry-vsepr-guide,Hub for Lewis structures topic.
Study Skills & Cheat Sheets,Practice & Worksheets,Chemistry Practice Problems - Free Exercises & Solutions,/guides/chemistry-practice-problems,guide,guide,equation for potential energy,22200,631560,631560,400,195,aleks initial knowledge check answers chemistry | equation for potential energy | equation half life | ionic and net ionic equations | ionic net equation | ionic net equations | using reaction free energy to predict equilibrium composition | cacl2 molecular mass | h2o molecular mass | h2o molecule mass,informational,high school,article,high,chemquiz.net | proprofs.com | chemicalaid.com,no,57.0,P2,/cheat-sheets,Cross-topic practice compilation guide.
Chemical Bonding & Molecular Structure,Lewis Structures,Lewis Structure Practice Game (Dot Diagram Quiz),/games/lewis-structure-practice,game,guide,lewis diagrams practice,3600,28180,28180,530,106,lewis structure practice problems | practice problems lewis dot structure | lewis dot structure practice problems | lewis structure example problems | lewis structure examples problems | lewis structures practice problems | lewis dot structure worksheet | lewis dot structure worksheets | lewis dot structures worksheet | lewis structure worksheets,informational,high school,tool,low,chemquiz.net | proprofs.com,no,56.5,P2,/guides/molecular-geometry-vsepr-guide,Game despite type=guide; loads practice intent.
Chemical Bonding & Molecular Structure,Lewis Structures,Lewis Structure Builder Tool,/tools/lewis-structure-generator,game,guide,lewis dot structure generator,5400,10990,10990,0,4,lewis structure generator | lewis dot structure simulation | lewis structure generator practice problems,informational,high school,tool,low,chemicalaid.com | interactivechemistry.org,no,56.41,P2,/guides/molecular-geometry-vsepr-guide,Interactive tool = game page type.
Chemistry Games Hub,Lab Skills Games,Lab Safety Quiz - Free Online Chemistry Lab Safety Game,/games/lab-safety-quiz,game,game,chem lab,8100,9800,9800,10,21,return all unused chemicals to their original containers true false | safety chemistry lab | the primary source for detailed chemical hazard information is | chemical lab game | chemical lab games | chemistry lab game | chemistry lab safety quiz | chemistry laboratory safety quiz | lab safety quiz chemistry | safety quiz for chemistry lab,informational,high school,tool,low,scichamp.com | proprofs.com | teachchemistry.org,no,55.92,P3,/games,Safety quiz game; distinct slot under lab skills.
"Formulas, Naming & Compounds",Formula Writing,Writing Chemical Formulas Practice - Worksheet & Answers,/guides/writing-chemical-formulas-practice,guide,guide,chemical formula,90500,467680,467680,30,72,chemical formula | chemical formulae | formula for h2so4 | formula of h2so4 | acetic acid compound formula | chemical formula acetic acid | formula for acetic acid | formula of acetic acid | hydrogen peroxide formula | aluminum and oxygen express your answer as a chemical formula,informational,high school,article,high,coolperiodictable.com | chemicalaid.com | teachchemistry.org,no,55.7,P3,/guides/what-is-a-compound-chemistry,Formula writing worksheet guide.
"Acids, Bases & pH",acid strength,Henderson-Hasselbalch Equation & Acid Strength,/guides/henderson-hasselbalch-acid-strength,guide,guide,hasselbalch equation,33100,411720,411720,0,20,henderson--hasselbalch formula | henderson-hasselbalch equation | acids strong | strong acid chemistry | strong acids | strongest acids | acid strength | hf acidity | strength of acid | strength of acids,informational,high school,article,high,chemistrytalk.org | coolperiodictable.com | chemicalaid.com,no,55.15,P3,/guides/acids-and-bases-basics,Advanced acid strength & buffer equation guide
"Formulas, Naming & Compounds",Naming Compounds,Ionic & Covalent Naming Practice - Naming Compounds Game,/games/naming-compounds-practice,game,guide,naming compounds chemistry practice,1300,24590,24590,710,104,naming compounds practice | chemical compound naming practice | compound naming practice | naming chemical compounds practice | naming chemistry compounds practice | practice for naming compounds | practice naming chemical compounds | practice naming compounds | naming ionic compounds practice | naming ionic compounds quiz,informational,high school,mixed,high,chemquiz.net | purposegames.com | proprofs.com,no,54.91,P3,/guides/what-is-a-compound-chemistry,Broad naming compounds game.
Organic Chemistry,Core Concepts,Organic Chemistry Guide - Introduction & Basics,/guides/organic-chemistry-guide,pillar_hub,guide,chemistry and organic chemistry,40500,934940,934940,90,64,carboxylic acids | carboxylic acids acidity | carboxylic acid | functional groups | chemistry and organic chemistry | chemistry organic | organic chemicals | organic chemistry | carboxyl functional group | alkenes,informational,high school,article,high,chemistrytalk.org | labxchange.org,no,54.71,P3,,Hub for organic pillar; covers functional groups & intro.
Chemical Reactions & Balancing Equations,Energy & Reactions,Endothermic vs Exothermic Reactions Guide,/guides/endothermic-vs-exothermic-guide,guide,guide,endothermic reaction vs exothermic reaction,33100,371190,371190,10,29,endothermic vs exothermic reaction | exothermic reaction vs endothermic reaction | endothermic reaction vs exothermic | exothermic vs endothermic reactions | exothermic vs endothermic reaction | chemical reactions exothermic | exothermic chemical reaction | exothermic chemical reactions | exothermic reaction | exothermic reactions,informational,high school,article,high,teachchemistry.org,no,54.7,P3,/guides/types-of-chemical-reactions-guide,Energy comparison guide with enthalpy diagrams.
Chemistry Games Hub,General Chemistry Games,Chemistry Flashcards - Free Online Study Game,/games/chemistry-flashcards,game,game,chemistry flashcards,880,7210,7210,480,48,flashcards chemistry | flashcards for organic chemistry | organic chemistry flashcards | gcse chemistry flashcards | chemistry flashcards gcse | flashcards for gcse chemistry | chemistry gcse flashcards | elements flash cards | elements flashcards | chemistry flashcards a level,informational,high school,article,low,proprofs.com | jetpunk.com | wordwall.net,no,54.59,P3,/games,Flashcard study game format.
Chemical Reactions & Balancing Equations,Reaction Types,Combustion Reactions Guide & Examples,/guides/combustion-reactions-guide,guide,guide,chemical reaction for combustion,27100,325970,325970,10,14,chemical reaction for combustion | chemical reaction of combustion | combustion chemical reaction | combustion chemical reactions | combustion chemistry reaction | chemical reaction combustion | chemical reactions combustion | combustion reaction chemistry | combustion reactions chemistry | combustion reaction,informational,high school,article,high,chemistrytalk.org | teachchemistry.org,no,54.13,P3,/guides/types-of-chemical-reactions-guide,Combustion/burning specific guide; reaction types sub-group.
Chemistry Games Hub,Lab Skills Games,Lab Equipment Quiz - Free Chemistry Quiz Game,/games/lab-equipment-quiz,game,game,chemistry lab equipment,4400,13660,13660,70,16,laboratory equipments in chemistry | crucible chemistry | chemistry lab tools | chemistry apparatus | chemistry lab fixture crossword clue | chemistry lab equipment name | what is a crucible in chemistry | what is crucible in chemistry | lab equipment chemistry quiz | chemistry lab equipment quiz,informational,high school,tool,low,chemquiz.net | teachchemistry.org,no,53.36,P3,/games,Lab equipment game; keep distinct from safety quiz.
Chemical Bonding & Molecular Structure,Molecular Geometry,Molecular & Electron Geometry Chart (VSEPR Shapes),/guides/molecular-geometry-chart,guide,guide,chemistry geometry chart,22200,261280,261280,0,42,molecular and electron geometry chart | molecular geometry chart | molecular shape and geometry chart | atom geometry chart | atomic geometry chart | chart of molecular geometry | electron geometry chart | geometry of molecules chart | co2 molecule shape | is nh3 a polar molecule,informational,high school,article,high,chemquiz.net | breslyn.org | chemistrytalk.org,no,53.17,P3,/guides/molecular-geometry-vsepr-guide,Chart reference for VSEPR shapes.
"Stoichiometry, Moles & Molar Mass",Conversion Practice,Chemistry Conversions & Unit Conversion Practice,/guides/chemistry-conversions-practice,pillar_hub,guide,molecular mass,33100,644850,644850,160,133,molecular mass and molecular weight | molecular masses | molecular weight | molecular weight and molecular mass | molecular weight s | molecular weights | weight of a molecule | weight of molecules | calculate the molarity | density equations,informational,high school,article,high,chemicalaid.com | chemquiz.net | breslyn.org,no,53.09,P3,,Broad conversion practice; merge dup chemistry-conversion-practice.
"Stoichiometry, Moles & Molar Mass",Molarity & Ratios,Molarity & Mole Ratio Formula Guide,/guides/molarity-and-mole-ratio,guide,guide,equation for molarity,33100,215460,215460,90,59,equation of molarity | molarity equation | molarity equations | avogadro's law | mole to mole ratio | mole to-mole ratio | mole-mole relationship | mole-to-mole ratio | what are mole ratios | what is a mole ratio,informational,high school,article,high,breslyn.org | chemquiz.net | chemicalaid.com,no,52.33,P3,/guides/chemistry-conversions-practice,Molarity equations and mole ratios guide.
"Acids, Bases & pH",acid-base basics,"Acids and Bases: Definitions, pH Scale & Solubility",/guides/acids-and-bases-basics,pillar_hub,guide,acids,60500,517000,517000,0,58,acids | acid rain acids | define solubility | definition of solubility | acid and base chemistry | acid and bases | acid and bases chemistry | acid to base | acid-base chemistry | acidity of a base,informational,high school,article,high,chemistrytalk.org | coolperiodictable.com | labxchange.org,no,52.13,P3,,Core concepts hub for acids & bases pillar
"Stoichiometry, Moles & Molar Mass",Conversion Practice,Mole Conversion Practice - Worksheet & Answers,/guides/mole-conversion-practice,guide,guide,mole to g,14800,516880,516880,10,160,molecular mass of naoh | naoh molecular mass | mole to g | moles to grams and grams to moles | 1 molar | avogadro | how to find molar mass | molar weight n2 | molecular mass n2 | molecular mass of n2,informational,high school,article,high,chemquiz.net | breslyn.org | chemicalaid.com,no,52.13,P3,/guides/chemistry-conversions-practice,Mole-specific conversion worksheet guide.
Atomic Structure & Electron Configuration,isotopes,Isotope & Atomic Mass Calculator - Free Tool,/tools/average-atomic-mass-calculator,game,game,average atomic mass calculator,1600,4080,4080,0,3,average atomic weight calculator | isotopes and atomic mass phet,informational,high school,tool,low,chemquiz.net,no,52.12,P3,/guides/atomic-structure-guide,Interactive isotope mass calculator tool
Organic Chemistry,Functional Groups Games,Functional Group Flashcards - Organic Chemistry Game,/games/functional-groups-flashcards,game,game,functional group practice,880,3740,3740,40,10,functional groups practice | identify functional groups practice | organic functional groups quiz | organic chemistry functional groups practice | organic functional groups practice | organic chemistry functional group flashcards | functional groups organic chemistry flashcards | chemistry functional groups quiz | functional groups chemistry quiz,informational,high school,tool,low,chemquiz.net | jetpunk.com | proprofs.com,no,51.74,P3,/guides/organic-chemistry-guide,Flashcard game; merges with functional-groups-quiz intent.
"Stoichiometry, Moles & Molar Mass",Yield Calculations,Percent Yield & Theoretical Yield Formula,/guides/percent-yield-chemistry,guide,guide,chemistry yield formula,22200,443840,443840,20,24,formula for percent yield chemistry | formula for percent yield in chemistry | formula for percentage yield in chemistry | percent yield chemistry | percent yield in chemistry | percent yields in chemistry | percentage yield chemistry | percentage yield chemistry formula | percentage yield in chemistry | yield chemistry formula,informational,high school,article,high,labxchange.org,no,51.47,P3,/guides/chemistry-conversions-practice,Yield formula guide; distinct sub-topic yield calculations.
"Stoichiometry, Moles & Molar Mass",Molar Mass Tools,Molar Mass & Atomic Mass: How to Calculate,/guides/molar-mass-calculations,guide,guide,molar weight,40500,424990,424990,0,93,molar masses | nacl molecular mass | atomic mass how to find | how do i calculate atomic mass | how do i calculate average atomic mass | how do we calculate atomic mass | how do you calculate atomic mass | how do you calculate average atomic mass | how do you calculate the atomic mass of an atom | how do you calculate the mass of an atom,informational,high school,article,high,chemicalaid.com | chemquiz.net | breslyn.org,no,51.28,P3,/guides/chemistry-conversions-practice,How-to compute molar mass; guide vs calculator format.
"Formulas, Naming & Compounds",Formula Writing,Chemical Formula Guide: Empirical vs Molecular Formula,/guides/chemical-formula-empirical-molecular,guide,guide,empirical chemical formula,33100,382010,382010,0,79,glucose chemical formula | formula for molecule | formula for molecules | formula of molecule | molecular formula | molecular formula and | molecular formulas | molecules formula | what is meant by the simplest formula of a compound | equation of sodium hydroxide,informational,high school,article,high,chemicalaid.com | breslyn.org | coolperiodictable.com,no,50.82,P3,/guides/what-is-a-compound-chemistry,Empirical vs molecular formula guide.
"Formulas, Naming & Compounds",Equation Writing,Writing Chemical Equations from Words,/guides/writing-chemical-equations-from-words,guide,guide,molecular ionic net ionic equations,18100,135750,135750,30,10,molecular ionic net ionic equations | net ionic equation | net ionic equations | net ionic formula | ionic equation and net ionic equation | total ionic and net ionic equations | writing chemical equations from word equations worksheet | writing chemical equations from words worksheet | chemical formula writing worksheet with answers,informational,high school,article,high,labxchange.org | breslyn.org | chemicalaid.com,no,50.33,P3,/guides/what-is-a-compound-chemistry,Word to equation conversion guide.
Chemistry Games Hub,General Chemistry Games,General Chemistry Practice Problems - Free Game,/games/general-chemistry-practice,game,game,gas laws phet,1000,2690,2690,10,6,phet ideal gas law | chemistry practice | general chemistry practice problems | counting atoms activity | thermochemistry quiz,informational,high school,tool,low,wordwall.net | chemquiz.net,no,50.31,P3,/games,General practice game format.
"Formulas, Naming & Compounds",Naming Compounds,Naming Ionic & Covalent Compounds: Rules & Prefixes,/guides/naming-compounds-rules-prefixes,guide,guide,ionic bond naming,6600,316560,316560,10,185,ionic bonding naming | ionic compound naming | ionic compounds naming | ionic naming compounds | naming compounds ionic | naming of ionic compounds | monatomic anions | monatomic cation | monatomic cations | monatomic ion,informational,high school,article,high,breslyn.org | coolperiodictable.com | chemquiz.net,no,50.0,P3,/guides/what-is-a-compound-chemistry,Naming rules & prefixes guide.
Study Skills & Cheat Sheets,General Chemistry Intro,Fun Chemistry Facts: Amazing & Weird Science Trivia,/blog/fun-chemistry-facts,blog,blog,alchemical,246000,281810,281810,0,42,mole day moles | chem clip art | chemistry is pun | cartoon chemistry | chemistry facts | chemistry science facts | facts related to chemistry | chemistry emoji | chemistry emojis | chemistry history,informational,high school,article,high,teachchemistry.org | scichamp.com | teacherspayteachers.com,no,49.5,P3,/cheat-sheets,Entertainment/fun facts blog.
Chemistry Games Hub,General Chemistry Games,Chemistry Basics Quiz - Test Your Knowledge Free,/games/chemistry-basics-quiz,game,game,basics of chemistry quiz,110,790,790,40,9,basic chemistry quiz | chemistry basic quiz | chemistry basics quiz | go chemistry | gizmo chemistry | gizmos chemistry | compound element mixture quiz | element compound mixture quiz,informational,high school,tool,low,scichamp.com | proprofs.com | wordwall.net,no,49.03,P3,/games,Basics-focused quiz game; keep distinct.
Chemical Reactions & Balancing Equations,Practice & Worksheets,Types of Chemical Reactions Practice Problems & Quiz,/guides/types-of-chemical-reactions-practice,guide,guide,complete each ionization equation,60500,93860,93860,170,92,complete ionic equation | overall ionic equation | net ionic equation examples | unit chemical reactions ws 1-3 quiz 1 a | unit chemical reactions ws 1 3 quiz #1 a | predicting products of chemical equations | circle the precipitate in the following reactions | practice net ionic equations | oxidation states practice | what is the expected product of the reaction below,informational,high school,article,high,chemquiz.net | breslyn.org | teachchemistry.org,no,48.73,P3,/guides/types-of-chemical-reactions-guide,Practice worksheet intent; merge with reaction-types-practice? Different focus.
"Stoichiometry, Moles & Molar Mass",Conversion Practice,Moles to Grams & Grams to Moles Conversion,/guides/moles-to-grams-conversion,guide,guide,how to convert moles to grams and grams to moles,8100,88280,88280,190,65,how to convert moles to grams and grams to moles | how do i convert moles to grams | how do you convert moles to grams | how to calculate moles to grams | how to convert from moles to grams | how to convert moles into grams | how to convert moles to grams | how to do moles to grams | how to get from moles to grams | how to turn moles into grams,informational,high school,article,high,breslyn.org | chemquiz.net | teachchemistry.org,no,48.46,P3,/guides/chemistry-conversions-practice,Specific moles-to-grams how-to guide.
Teachers & Classroom,Worksheets,Periodic Table Worksheet - Free PDF Printables,/guides/periodic-table-worksheet,pillar_hub,guide,table of elements printable,27100,81680,81680,20,34,blank element table | blank periodic table | text tuesday the periodic table and elements answer key | colorable periodic table | periodic table of elements with charges printable | periodic table printable with charges | periodic table with charges printable | printable periodic table of elements with charges | printable periodic table with charges | electron configuration and periodic properties lab report sheet,informational,high school,article,high,teacherspayteachers.com | chemquiz.net | wordwall.net,no,48.12,P3,,Printable worksheet guide for teachers.
Organic Chemistry,Cheat Sheets,Organic Chemistry Cheat Sheet - Free Reference Guide,/guides/organic-chemistry-cheat-sheet,guide,guide,organic chemistry functional groups,14800,66960,66960,330,36,organic chemistry functional groups | organic functional groups | orgo functional groups | organic chemistry iupac naming | organic chemistry nomenclature iupac | organic chemistry cheat sheet | cheat sheet for organic chemistry | cheat sheet organic chemistry | organic chemistry for dummies pdf | organic chemistry 1 reactions cheat sheet,informational,college,article,high,chemistrytalk.org | chemicalaid.com | labxchange.org,no,47.26,P3,/guides/organic-chemistry-guide,Reference cheat sheet; merges with organic-cheat-sheet intent.
"Acids, Bases & pH",acid-base quiz,pH Scale & Titration Quiz Game,/games/acids-bases-ph-titration-game,game,guide,ph of salt,1000,10040,10040,20,11,ph of salt | salt ph | acidic and basic buffers | what is ph of salt | what is the ph of salt | preparation of solutions and buffers | ph value salt | acid base titration simulation | ph scale game | ap chemistry buffer practice problems,informational,high school,tool,high,teachchemistry.org | coolperiodictable.com,no,47.02,P3,/guides/acids-and-bases-basics,pH and titration practice game
Periodic Table & Elements,Element Profiles,"First 20 Elements - Symbols, Atomic Mass & Numbers",/guides/first-20-elements-guide,guide,guide,1st 20 elements of the periodic table,2900,49990,49990,30,45,1st 20 elements on the periodic table | first 20 periodic table elements | first twenty elements periodic table | periodic table first 20 | periodic table of elements first 20 | periodic table of first 20 elements | periodic table of the first 20 elements | the first 20 elements in the periodic table | the first 20 elements of the periodic table | the first 20 elements on the periodic table,informational,high school,article,high,wordwall.net | jetpunk.com | proprofs.com,no,45.99,P3,/guides/metals-nonmetals-metalloids-guide,First 20 elements reference guide.
"Acids, Bases & pH",ph scale,"pH Scale of Acids and Bases - Chart, Ranges & Examples",/guides/ph-scale-acids-bases,guide,guide,acids ph level,2900,124980,124980,10,94,acid ph value | acid ph values | acidic ph values | acids ph level | acids ph range | acids ph value | base ph | bases ph | ph acid range | ph level of acid,informational,high school,article,high,coolperiodictable.com | teachchemistry.org,no,45.97,P3,/guides/acids-and-bases-basics,pH ranges/values reference guide
Teachers & Classroom,Project Ideas,Periodic Table Project Ideas for Students,/blog/periodic-table-project-ideas,blog,blog,lyrics periodic table song,6600,117600,117600,10,57,lyrics periodic table song | periodic table element song lyrics | periodic table elements song lyrics | periodic table lyrics | periodic table lyrics song | periodic table of elements lyrics | periodic table of elements song lyrics | periodic table of elements song with lyrics | periodic table song lyrics | periodic table song with lyrics,informational,high school,article,high,coolperiodictable.com | teacherspayteachers.com | jetpunk.com,no,45.7,P3,/guides/periodic-table-worksheet,Teacher/classroom project ideas blog.
Chemical Bonding & Molecular Structure,Lewis Structures,Formal Charge Equation & How to Calculate It,/guides/formal-charge-calculation,guide,guide,equation for formal charge,22200,115560,115560,0,14,formal charges formula | formula of formal charge | formal charges equation | formal charge equation | formal charge lewis structure | formal charges lewis structure | formal charges on lewis structures | how to calculate formal charge from lewis structure | how to find formal charge from lewis structure | how to find formal charge of atom,informational,high school,article,high,breslyn.org,no,45.63,P3,/guides/molecular-geometry-vsepr-guide,Formal charge formula guide.
"Formulas, Naming & Compounds",Naming Compounds,Chemical Prefixes (Mono- Di- Tri-) Reference Guide,/guides/chemistry-prefixes-reference,guide,guide,chemical prefixes,9900,105120,105120,0,26,chemical prefix | chemical prefixes | chemistry prefix | chemistry prefixes | prefix chemistry | prefix for chemistry | prefixes chemistry | prefixes for chemistry | prefixes in chemistry | chemistry prefixes 1-10,informational,high school,article,high,breslyn.org | labxchange.org | purposegames.com,no,45.22,P3,/guides/what-is-a-compound-chemistry,Prefix reference guide.
"Formulas, Naming & Compounds",Naming Compounds,"Chemical Nomenclature Practice - IUPAC, Polyatomic Ions & Acids",/guides/nomenclature-practice,guide,guide,nomenclature practice,1900,39100,39100,670,102,chemistry nomenclature lab answers | nomenclature lab answers | nomenclature practice | naming polyatomic ions | lewis dot formula unit & naming practice sheet answers | naming compounds exercises | naming ionic compounds worksheet | chemical nomenclature lab | ionic naming worksheet | nomenclature lab,informational,high school,article,high,chemquiz.net | teachchemistry.org | purposegames.com,no,44.92,P3,/guides/what-is-a-compound-chemistry,Nomenclature practice worksheet guide.
Organic Chemistry,Practice Problems,Organic Chemistry Practice Problems & Exercises,/guides/organic-chemistry-practice,guide,guide,arrange the organic compounds from most soluble in water,8100,81780,81780,420,107,arrange the organic compounds from most soluble in water | write the autoionization reaction for methanol ch3oh | molar mass benzoic acid | molar mass of benzoic acid | molecular mass of benzoic acid | naming organic compounds | naming organic molecules | organic chemistry practice problems | practice problems for organic chemistry | practice problems organic chemistry,informational,college,article,high,chemquiz.net | purposegames.com | breslyn.org,no,44.13,P3,/guides/organic-chemistry-guide,Practice problems guide; keep separate from practice-problems page?
"Stoichiometry, Moles & Molar Mass",Conversions,Unit Conversions Practice - Chemistry Quiz Game,/games/unit-conversions-practice,game,game,unit conversion chemistry practice,260,1420,1420,30,8,unit conversion chemistry practice | unit conversion practice chemistry | unit conversions chemistry practice | unit conversions practice chemistry | unit conversions chemistry practice problems | chemistry conversion practice problems with answers | unit conversion chemistry practice problems,informational,high school,tool,low,chemquiz.net,no,43.55,P3,/guides/chemistry-conversions-practice,Unit conversion game; stoichiometry pillar.
Study Skills & Cheat Sheets,Practice & Worksheets,Free Chemistry Worksheets - Practice & Answer Keys,/guides/chemistry-worksheets,guide,guide,electron configuration worksheets,1000,22020,22020,1020,156,electron configuration worksheet | electron configuration worksheets | electron configurations worksheet | worksheets for chemistry | chemistry worksheets | worksheets in chemistry | worksheets chemistry | average atomic mass worksheet | average atomic mass worksheets | build an atom phet answer key,informational,high school,article,low,chemquiz.net | teachchemistry.org | interactivechemistry.org,no,43.43,P3,/cheat-sheets,Cross-topic worksheet compilation.
Chemical Bonding & Molecular Structure,Lewis Structures,How to Draw Lewis Structures: Step-by-Step Method,/guides/how-to-draw-lewis-structures,guide,guide,so4-2 lewis,14800,163650,163650,0,34,how to draw lewis structures | how to draw the lewis structure | how to make a lewis structure | how to make lewis structure | below is the lewis structure of the formaldehyde molecule | lewis dot structure of bcl3 | lewis dot structure for n3 | lewis dot structure of n3 | cocl2 lewis structure | lewis structure for c n,informational,high school,article,high,chemicalaid.com | chemquiz.net | breslyn.org,no,43.14,P3,/guides/molecular-geometry-vsepr-guide,Step-by-step Lewis drawing method guide.
"Formulas, Naming & Compounds",Naming Compounds,How to Name Ionic & Covalent Compounds (Cheat Sheet),/guides/naming-compounds-cheat-sheet,guide,guide,naming ionic compounds,6600,35070,35070,1590,45,write the common name for the following compound | ionic compounds examples | naming compounds chemistry | naming covalent compounds | compound questions | naming compounds with polyatomic ions | naming covalent compounds rules | convert the following molecular model into a molecular formula | how to name compounds in organic chemistry | name to formula chemistry,informational,high school,article,high,purposegames.com | breslyn.org | proprofs.com,no,40.45,P3,/guides/what-is-a-compound-chemistry,Naming compounds cheat sheet.
Organic Chemistry,Functional Groups Games,Organic Chemistry Flashcards - Reactions Game,/games/organic-chemistry-flashcard-game,game,game,organic chemistry reactions flashcards,90,590,590,40,6,organic chemistry reactions flashcards | organic chemistry flashcards reactions | flashcards for organic chemistry reactions | organic chemistry reaction flashcards | mcat organic chemistry flashcards,informational,college,tool,low,sporcle.com,no,39.78,P3,/guides/organic-chemistry-guide,Reaction flashcards game; distinct from functional group cards.
"Acids, Bases & pH",titration,"Titration Curves & Lab Guide - Graphs, Formulas, Setup",/guides/titration-curves-lab,guide,guide,titration graph,9900,70030,70030,0,28,titrations curves | strong acid and strong bases | strong acids and base | strong acids and bases | formula for titrations | titrate in chemistry | titration in chemistry | titration in lab | titration in laboratory | titration lab,informational,high school,article,high,teachchemistry.org | chemicalaid.com,no,39.45,P3,/guides/acids-and-bases-basics,Guide companion to titration simulation game
Study Skills & Cheat Sheets,worksheets,Free Printable Chemistry Practice Worksheets,/guides/chemistry-practice-worksheets,guide,guide,atom worksheets,1900,61580,61580,10,49,atom worksheet | atom worksheets | atomic structure worksheet | atomic structure worksheets | atomic worksheet | atoms and atomic structure worksheet | atoms clipart | atoms labs | atoms structure worksheet | atoms worksheet,informational,high school,article,high,teacherspayteachers.com | chemquiz.net | teachchemistry.org,no,38.9,P3,/cheat-sheets,Printable worksheet collection
Study Skills & Cheat Sheets,Cheat Sheets,AP Chemistry Cheat Sheet - Quick Reference,/guides/ap-chemistry-cheat-sheet,guide,guide,ap chemistry formula sheet,18100,43670,43670,40,14,ap chemistry unit | ap chemistry units | ap chem ref table | ap chemistry reference table | ap chem unit 1 | ap chemistry unit 1 | acid and base ap chemistry | acid base ap chemistry | ap chem unit 5 | ap chemistry unit 7,informational,high school,article,high,teachchemistry.org | teacherspayteachers.com,no,37.4,P3,/cheat-sheets,AP-specific cheat sheet guide.
Atomic Structure & Electron Configuration,atomic models,Atomic Structure Quiz,/guides/atomic-structure-quiz,guide,guide,shape of atomic orbital,18100,30200,30200,0,2,atomic theory of john dalton,informational,high school,article,high,chemistrytalk.org | labxchange.org,no,35.8,P3,/guides/atomic-structure-guide,Quiz format guide page
Study Skills & Cheat Sheets,Practice & Worksheets,Chemistry Quiz Questions with Answers - Free Practice,/guides/chemistry-quiz-questions,guide,guide,easy chemistry questions,480,4730,4730,70,20,hard chemistry questions | hardest chemistry question | hardest chemistry questions | chemistry questions and answers | chemistry questions answers | chemistry mcq questions | chemistry questions and answers multiple choice | chemistry questions multiple choice | multiple choice chemistry questions | multiple choice question of chemistry,informational,high school,article,high,proprofs.com | chemquiz.net,no,35.76,P3,/cheat-sheets,Quiz question bank guide.
Study Skills & Cheat Sheets,Study Skills,How to Study Chemistry: Tips & Exam Strategies,/blog/how-to-study-chemistry,blog,blog,chemistry part 1,18100,28120,28120,1530,215,chemistry for high schoolers | how to study for chemistry | how to study chemistry | how many units in ap chemistry | how to study for organic chemistry | how to study organic chemistry | how to study ap chemistry | how to study for ap chemistry | chemistry how to study | chemistry study tips,informational,high school,article,high,teachchemistry.org,no,35.49,P3,/cheat-sheets,Study tips content; blog/listicle format.
Study Skills & Cheat Sheets,Practice & Worksheets,AP Chemistry Practice Problems - By Unit & Topic,/guides/ap-chemistry-practice,guide,guide,ap chemistry chemical kinetics,880,27030,27030,0,9,unit 3 progress check: mcq ap chemistry answers | ap chemistry chemical kinetics | ap chemistry kinetics | chemistry final exam test | ap chemistry stoichiometry | ap chemistry unit 6 practice problems | ap chemistry unit 5 practice problems | ap chemistry unit 7 practice problems,informational,high school,article,high,chemquiz.net | proprofs.com,no,35.32,P3,/cheat-sheets,AP practice problems guide.
Study Skills & Cheat Sheets,General Chemistry Intro,Chemistry of Everyday Life: Kitchen & Baking Fun,/blog/chemistry-of-everyday-life,blog,blog,do salt melt ice,4400,25280,25280,0,41,art and chemistry | art in chemistry | art of chemistry | art with chemistry | chemistry and art | chemistry art | chemistry arts | chemistry in art | chemistry in the arts | chemistry of art,informational,high school,article,high,teachchemistry.org | coolperiodictable.com,no,35.03,P3,/cheat-sheets,Everyday chemistry explainers blog.
Study Skills & Cheat Sheets,Study Skills,Is Chemistry Hard? Comparisons & Fun Hacks,/blog/is-chemistry-hard,blog,blog,chem-is-try,14800,24900,24900,350,23,is chemistry hard | chemistry club | is chemistry harder than physics | chemistry for teachers | chemistry teacher | chemistry teachers | teach chemistry | why is organic chemistry so hard | is chemistry harder than biology | is stoichiometry hard,informational,high school,article,high,teachchemistry.org | chemistrytalk.org | breslyn.org,no,34.96,P3,/cheat-sheets,Difficulty-perception blog content.
Atomic Structure & Electron Configuration,atomic models,Atomic Structure Guide,/guides/atomic-structure-guide,pillar_hub,guide,atomic model hydrogen,1300,22560,22560,0,18,atom model of hydrogen | atomic model hydrogen | atomic model of hydrogen | current model of an atom | current model of the atom | h atom model | hydrogen atom model | hydrogen atomic model | model of a hydrogen atom | model of hydrogen atom,informational,high school,article,high,chemquiz.net,no,34.54,P3,,General atomic structure reference guide
Chemical Reactions & Balancing Equations,balancing equations,Coefficients and Subscripts in Chemical Equations,/guides/chemical-equation-coefficients-subscripts,guide,guide,what are coefficients in chemistry,1900,22020,22020,20,16,coefficient chemistry | coefficient in chemistry | what are coefficients in chemistry | what is coefficient in chemistry | what is the coefficient in chemistry | chemical equation coefficient | coefficient in chemical formula | coefficients in a chemical equation | chemical equation subscript | subscript chemical equation,informational,high school,article,high,breslyn.org,no,34.43,P3,/guides/types-of-chemical-reactions-guide,Concept guide on coefficients vs subscripts
Chemical Reactions & Balancing Equations,balancing equations,"Balancing Net Ionic, Redox & Complex Equations",/guides/balancing-redox-net-ionic-complex-equations,guide,guide,balanced redox equation,1600,5380,5380,380,51,balance net ionic equations | balanced net ionic equation | balanced net ionic equations | balancing net ionic equations | balanced half equations | how to balance charges in chemical equations | how to balance chemical equations with charges | how to balance chemical equations with parentheses | how to balance chemical equations with polyatomic ions | how to balance complex chemical equations,informational,high school,article,high,breslyn.org | chemicalaid.com,no,28.32,P3,/guides/types-of-chemical-reactions-guide,Advanced redox/net-ionic balancing guide
Study Skills & Cheat Sheets,Practice & Worksheets,Chemistry Worksheets with Answers - Free PDF,/guides/chemistry-worksheets-with-answers,guide,guide,introductory chemistry worksheets,10,4930,4930,50,15,chemistry: challenges and solutions worksheet answers | chemistry worksheets with answers | introductory chemistry worksheets | ap chemistry practice worksheets | chemistry activity worksheets | year 7 chemistry worksheets | chemistry 20 worksheets | igcse chemistry worksheets with answers pdf | chemistry reading comprehension worksheets | chemistry corner worksheets,informational,high school,article,high,teacherspayteachers.com,no,27.94,P3,/cheat-sheets,Keep separate - 'with answers' specific intent.
Atomic Structure & Electron Configuration,atom parts,Atomic Structure Practice,/guides/atomic-structure-practice,guide,guide,valence number of aluminum,2400,4800,4800,0,2,electron hydrogen,informational,high school,article,high,chemicalaid.com,no,27.82,P3,/guides/atomic-structure-guide,Atomic structure practice problems
Periodic Table & Elements,Quiz & Practice,Periodic Table Quiz Questions & Answers (Printable PDF),/guides/periodic-table-quiz-questions,guide,guide,first 20 elements of the periodic table song lyrics,50,1540,1540,280,46,periodic table worksheets with answers pdf | first 20 elements of the periodic table song lyrics | periodic table quiz with answers pdf | periodic table quiz questions | quiz questions about periodic table | 20 questions periodic table with answers | periodic table quiz printable | periodic table printable quiz | periodic table quiz pdf | periodic table of elements quiz answers,informational,high school,article,high,jetpunk.com | geoguessr.com,no,26.9,P3,/guides/metals-nonmetals-metalloids-guide,"Print PDF quiz question bank; guide-intent tail, keep distinct."
Organic Chemistry,Practice Problems,Resonance Structures Practice - Organic Chem,/guides/resonance-structures-practice,guide,guide,which of these molecules or ions exhibit resonance,1000,1200,1200,0,5,resonance structures practice problems organic chemistry | organic chemistry resonance practice problems | resonance practice problems organic chemistry | resonance organic chemistry practice problems,informational,college,article,high,breslyn.org,no,21.83,P3,/guides/organic-chemistry-guide,Resonance practice guide; distinct sub-topic.
"Acids, Bases & pH",acid-base basics,Acid-Base Organic Chemistry Practice Problems,/guides/acid-base-organic-chemistry-practice,guide,guide,organic chemistry acid-base reactions practice problems,90,720,720,80,8,organic chemistry acid base reactions practice problems | acid base organic chemistry practice problems | organic chemistry acid-base practice problems | acid-base practice problems organic chemistry | acid base practice problems organic chemistry | acid-base organic chemistry practice problems | organic chemistry acid base practice problems,informational,college,article,high,,no,19.63,P3,/guides/acids-and-bases-basics,Organic chemistry acid-base practice niche
Periodic Table & Elements,Element Profiles,"[Element] - Properties, Uses & Facts",/elements/[element],programmatic_template,guide,elements po,60500,7209900,7209900,0,833,pa element | element bi | hydrogen element | chlorine element | element po | elements po | element br | element ra | p in periodic table | p on periodic table,informational,high school,tool,med,periodictable.one | chemicalaid.com | coolperiodictable.com,no,80.58,Programmatic,/guides/metals-nonmetals-metalloids-guide,Programmatic element profile template; slug fixed.
Atomic Structure & Electron Configuration,electron configuration,[Element] Electron Configuration,/guides/electron-configuration/[element],programmatic_template,guide,electron configuration chlorine,8100,745540,745540,0,232,electron configuration for chlorine | electron configuration for cl | electron configuration of chlorine | ca electron configuration | calcium electron configuration | electron configuration ca | electron configuration calcium | electron configuration for ca | electron configuration for calcium | electron configuration of ca,informational,high school,tool,med,periodictable.one | chemicalaid.com | coolperiodictable.com,no,70.72,Programmatic,/guides/atomic-structure-guide,Programmatic per-element electron config pages
"Stoichiometry, Moles & Molar Mass",Molar Mass Tools,Molar Mass of [Compound],/tools/molar-mass/[compound],programmatic_template,guide,molar mass for naoh,22200,885000,885000,0,151,molecular weight for co2 | molar mass for naoh | molar mass of n a o h | molar mass of naoh | naoh molar mass | carbon molecular weight | molar mass for o2 | molar mass for water | molar mass n2 | molar mass o2,informational,high school,tool,med,chemicalaid.com | periodictable.one,no,67.47,Programmatic,/guides/chemistry-conversions-practice,Programmatic molar-mass calculator template; keep slug exact.
Chemical Bonding & Molecular Structure,Lewis Structures,[Compound] Lewis Structure,/guides/lewis-structure/[compound],programmatic_template,guide,lewis dot structure for bf3,18100,178680,178680,0,31,ch2o lewis dot structure | ch2o lewis structure | lewis dot structure of ch2o | lewis structure ch2o | lewis structure of ch2o | ch3 oh lewis structure | c2h5oh lewis structure | lewis structure of nitric acid | lewis dot structure for nocl | lewis dot structure of nocl,informational,high school,tool,med,chemicalaid.com | breslyn.org,no,56.52,Programmatic,/guides/molecular-geometry-vsepr-guide,Template: per-compound Lewis structure pages.
"Formulas, Naming & Compounds",Formula Writing,[Compound] Chemical Formula,/guides/chemical-formula/[compound],programmatic_template,guide,chemical formula for glucose,27100,78500,78500,0,11,chemical formula for acetic acid | chemical formula of acetic acid | chemical formula for vinegar | chemical formula for dihydrogen monoxide | molecular formula of heavy water | chemical formula for magnesium oxide | chemical formula of magnesium oxide | molecular formula for magnesium oxide | molecular formula of magnesium oxide | what is the molecular formula of magnesium oxide,informational,high school,tool,med,teachchemistry.org | coolperiodictable.com,no,52.95,Programmatic,/guides/what-is-a-compound-chemistry,Template: per-compound formula pages.
Chemical Reactions & Balancing Equations,balancing equations,[Reaction] Balanced Equation,/reactions/[reaction],programmatic_template,guide,chemical reactions for photosynthesis,1000,26000,26000,0,15,balanced equation for photosynthesis | balanced equation photosynthesis | balancing equation of photosynthesis | balancing photosynthesis equation | photosynthesis equation balanced | balance chemical equation for photosynthesis | balance chemical equation of photosynthesis | balanced chemical equation for photosynthesis | balancing chemical equation of photosynthesis | chemical reactions for photosynthesis,informational,high school,tool,med,teachchemistry.org,no,52.15,Programmatic,/guides/types-of-chemical-reactions-guide,Programmatic per-reaction balanced equations
"Formulas, Naming & Compounds",Polyatomic Ions,[Ion] Formula & Charge,/guides/polyatomic-ions/[ion],programmatic_template,guide,equation for ammonium nitrate,3600,28340,28340,0,19,equation of ammonium nitrate | potassium phosphate equation | sulfite ion formula | potassium permanganate equation | ammonium nitrate molecular mass | molecular mass of ammonium nitrate | aluminium nitrate equation | barium nitrate equation | phosphate ion symbol | sulfate polyatomic,informational,high school,tool,med,chemicalaid.com | breslyn.org,no,48.53,Programmatic,/guides/what-is-a-compound-chemistry,Template: per-ion formula pages.
Periodic Table & Elements,Element Properties,[Element] Oxidation Number,/guides/oxidation-number/[element],programmatic_template,guide,cl oxidation number,2400,23370,23370,0,35,oxidation number cl | oxidation number for chlorine | oxidation number for cl | oxidation number of cl | oxidation number of h | al oxidation state | aluminum oxidation number | oxidation number of al | chromium oxidation numbers | magnesium oxidation number,informational,high school,tool,med,coolperiodictable.com | chemicalaid.com,no,47.69,Programmatic,/guides/metals-nonmetals-metalloids-guide,Programmatic template for per-element oxidation numbers; keep slug exact.
"Formulas, Naming & Compounds",Compound Basics,Ions Quiz - Free Online Chemistry Game,/games/ions-quiz,game,game,chemistry ions quiz,20,50,50,20,3,chemistry ion quiz | ions quiz chemistry answers,informational,high school,tool,low,,partial,34.78,Later/Skip,/guides/what-is-a-compound-chemistry,Ions quiz game.
Chemical Reactions & Balancing Equations,Thermodynamics,Thermodynamics Practice Problems - Chemistry Game,/games/thermodynamics-practice-problems,game,game,chemistry thermodynamics practice problems,40,120,120,30,3,thermodynamics practice problems chemistry | thermodynamics chemistry practice problems,informational,high school,tool,low,,no,33.14,Later/Skip,/guides/types-of-chemical-reactions-guide,Thermodynamics practice game.
Chemistry Games Hub,Review Games,Chemistry Review Games Online - Free for Finals,/games/chemistry-review-games,game,game,ap chemistry review games,10,30,30,0,3,chemistry final exam review games | chemistry review games online,informational,high school,tool,low,,partial,33.02,Later/Skip,/games,Low volume generic game; keep distinct slot in hub.
"Stoichiometry, Moles & Molar Mass",Stoichiometry Practice,Moles Quiz - Free Online Chemistry Practice Game,/games/moles-quiz,game,game,moles quiz chemistry,20,100,100,50,5,moles quiz chemistry | mole quiz chemistry | chemistry moles quiz | chemistry quiz moles,informational,high school,tool,low,,no,32.41,Later/Skip,/guides/chemistry-conversions-practice,Moles subject quiz; playable format distinct from stoichiometry game.
"Stoichiometry, Moles & Molar Mass",Solutions & Molarity,Solutions Quiz - Free Online Chemistry Practice Game,/games/solutions-quiz,game,game,chemistry quiz solutions,20,100,100,0,5,solution quiz chemistry | chemistry solutions quiz | solutions quiz chemistry | chemistry solution quiz,informational,high school,tool,low,,no,32.41,Later/Skip,/guides/chemistry-conversions-practice,Solutions quiz game.
Chemistry Games Hub,Simulations,Science Simulation Online - Free Chemistry Labs,/games/science-simulation-online,game,game,science simulation online,70,70,70,10,1,,informational,general,tool,low,,no,31.03,Later/Skip,/games,Generic simulation tool page.
States of Matter & Physical/Chemical Change,States of Matter,Matter Quiz - Free Online Chemistry Game,/games/matter-quiz,game,game,chemistry matter quiz,20,60,60,0,3,chemistry quiz on matter | matter chemistry quiz,informational,middle school,tool,low,,no,30.45,Later/Skip,/guides/chemical-vs-physical-changes-guide,Matter quiz game.
Atomic Structure & Electron Configuration,Nuclear Chemistry,Half-Life Chemistry Practice Problems - Free Game,/games/half-life-practice,game,game,half-life chemistry practice problems,40,40,40,10,1,,informational,high school,tool,low,,no,28.99,Later/Skip,/guides/atomic-structure-guide,Half-life practice game.
"Stoichiometry, Moles & Molar Mass",Gas Laws,Gas Laws Practice Problems - Free Chemistry Game,/games/gas-laws-practice,game,game,ap chemistry gas laws practice problems,40,40,40,0,1,,informational,high school,tool,low,,no,28.99,Later/Skip,/guides/chemistry-conversions-practice,Gas laws practice game.
"Stoichiometry, Moles & Molar Mass",Molarity & Ratios,Solutions Chemistry Quiz - Free Online Game,/games/solutions-chemistry-quiz,game,game,solutions chemistry quiz,20,40,40,0,2,solution chemistry quiz,informational,high school,tool,low,,no,28.99,Later/Skip,/guides/chemistry-conversions-practice,Solutions/molarity quiz game; keep distinct playable format.
Chemistry Games Hub,Organic Hub,Organic Chemistry Games Online - Naming & Learning,/games/organic-chemistry-games,game,game,organic chemistry learning games,10,40,40,10,4,fun organic chemistry games | organic chemistry naming games | organic chemistry games online,informational,college,tool,low,,no,28.99,Later/Skip,/games,Organic games landing; keep distinct as hub entry.
Chemistry Games Hub,Hubs & Collections,Simple Chemistry Games - Free for Beginners & Kids,/games/chemistry-games-beginners,game,game,chemistry games for beginners,10,40,40,30,4,chemistry games for beginners | simple chemistry games | chemistry games for elementary students,informational,middle school,tool,low,,no,28.99,Later/Skip,/games,Beginner-simple chemistry games.
Chemistry Games Hub,Lab Skills Games,Virtual Chemistry Lab - Free Online Simulations,/games/virtual-chemistry-lab,game,game,virtual chemistry lab free download,10,30,30,20,3,virtual chemistry lab free download | virtual chemistry lab titration,informational,high school,tool,low,,no,28.02,Later/Skip,/games,Very low volume; tool/game simulation.
Periodic Table & Elements,Periodic Trends,Periodic Trends Quiz - Free Chemistry Game,/games/periodic-trends-quiz,game,game,periodic trends quiz with answers,10,10,10,0,1,,informational,high school,tool,low,,no,25.01,Later/Skip,/guides/metals-nonmetals-metalloids-guide,Mega trends-quiz game sibling; low vol but distinct playable format.
Chemical Bonding & Molecular Structure,Bonding Basics,Chemical Bonding Cheat Sheet - Ionic & Covalent Guide,/guides/bonding-cheat-sheet,guide,guide,10 examples of ionic compounds in everyday life,50,50,50,10,1,,informational,high school,article,high,,yes,18.78,Later/Skip,/guides/molecular-geometry-vsepr-guide,Low volume cheat sheet support.
"Acids, Bases & pH",acid-base basics,Acids & Bases Cheat Sheet - Quick Reference Guide,/guides/acids-bases-cheat-sheet,guide,guide,ap chemistry acids and bases practice test,30,30,30,0,1,,informational,high school,article,high,,yes,17.02,Later/Skip,/guides/acids-and-bases-basics,Quick-reference cheat sheet
Organic Chemistry,Worksheets,Organic Chemistry Worksheets - Free PDF Printables,/guides/organic-chemistry-worksheets,guide,guide,organic chemistry worksheets,170,170,170,30,1,,informational,high school,article,high,,no,13.55,Later/Skip,/guides/organic-chemistry-guide,Worksheet printables guide.
"Formulas, Naming & Compounds",Equation Writing,Writing Chemical Equations Practice - Worksheets,/guides/writing-chemical-equations-practice,guide,guide,writing chemical equations from word problems worksheet pdf,10,110,110,90,11,word equation to chemical equations worksheet with answers | writing chemical equations from word problems worksheet pdf | writing chemical equations practice worksheet | writing chemical equations worksheet pdf | writing chemical equations worksheet answers pdf | writing chemical equations worksheet doc | writing chemical equations from word equations worksheet answers | writing chemical formula worksheet with answers | word equations worksheet with answers | writing word equations worksheet,informational,high school,article,high,,no,11.79,Later/Skip,/guides/what-is-a-compound-chemistry,Equation writing practice worksheet guide.
Periodic Table & Elements,Quiz & Practice,Periodic Table Reference - Free PDF Download,/guides/periodic-table-reference,guide,guide,ap chemistry periodic table pdf,90,90,90,0,1,,informational,high school,article,high,,no,11.0,Later/Skip,/guides/metals-nonmetals-metalloids-guide,Low-volume AP/printable reference; distinct from practice page.
Study Skills & Cheat Sheets,Practice & Worksheets,Solutions Chemistry Worksheets - Free PDF Printables,/guides/solutions-worksheets,guide,guide,solutions chemistry worksheets,40,80,80,20,2,chemistry solutions worksheets,informational,high school,article,high,,no,10.54,Later/Skip,/cheat-sheets,Solutions-focused worksheet guide.
Periodic Table & Elements,Classroom Activities,Periodic Table Game Ideas for the Classroom,/blog/periodic-table-game-ideas,blog,blog,periodic table fun activities,30,70,70,40,5,periodic table game ideas | periodic table board game ideas | how to make a periodic table board game | periodic table board game project,informational,teacher,article,high,,no,10.03,Later/Skip,/guides/metals-nonmetals-metalloids-guide,"Teacher game-idea inspiration; keep blog, merge with games-students? No, distinct focus."
Teachers & Classroom,Classroom Activities,Fun Chemistry Review Games for the Classroom,/blog/chemistry-review-games,blog,blog,chemistry review games jeopardy,10,70,70,40,7,chemistry classroom games | classroom chemistry games | fun chemistry review games | chemistry games to play in class | chemistry board games ideas | chemistry regents review games,informational,teacher,article,high,,no,10.03,Later/Skip,/guides/periodic-table-worksheet,Classroom review games blog.
Periodic Table & Elements,Quiz & Practice,Periodic Table Practice - Test Questions & Answers,/guides/periodic-table-practice,guide,guide,chapter test the periodic table,10,70,70,40,7,periodic table exam questions pdf | periodic table multiple choice questions and answers pdf | periodic table multiple choice questions and answers doc | periodic table test questions and answers | chapter test the periodic table | periodic table test doc,informational,high school,article,high,,no,10.03,Later/Skip,/guides/metals-nonmetals-metalloids-guide,Practice test Q&A PDF intent; distinct from quiz-questions page.
Study Skills & Cheat Sheets,Practice & Worksheets,General Chemistry Quiz - Free Practice with Answers,/guides/general-chemistry-quiz,guide,guide,general chemistry quiz,40,60,60,10,3,general chemistry quiz with answers pdf | physical chemistry quiz questions and answers pdf,informational,high school,article,high,,no,9.45,Later/Skip,/cheat-sheets,General quiz questions guide.
Study Skills & Cheat Sheets,General Chemistry Intro,General Chemistry Guide - Everything Beginners Need,/guides/general-chemistry-guide,guide,guide,chemistry for dummies youtube,20,60,60,30,3,chemistry for beginners pdf notes | everything you need to know about chemistry pdf,informational,high school,article,high,,no,9.45,Later/Skip,/cheat-sheets,Beginners overview guide.
"Formulas, Naming & Compounds",compound nomenclature,Naming Acids & Bases Practice Worksheet - Free,/guides/naming-acids-bases-practice,guide,guide,naming acids and bases practice worksheet,10,10,10,0,1,,informational,high school,article,high,,partial,9.01,Later/Skip,/guides/what-is-a-compound-chemistry,Naming practice for acids and bases
Teachers & Classroom,Classroom Activities,Chemistry Games Ideas - Printable Classroom Activities,/blog/chemistry-games-ideas,blog,blog,chemistry games ideas,10,50,50,40,5,chemistry games printable | chemistry games in classroom | printable chemistry games | chemistry games ideas,informational,teacher,article,high,,no,8.78,Later/Skip,/guides/periodic-table-worksheet,Classroom games ideas blog.
Periodic Table & Elements,Interactive Tool,Interactive Periodic Table of the Elements,/tools/interactive-periodic-table,game,guide,periodic table,4090000,15828500,0,246000,19,chemistry table of elements | periodic tables | elements on the periodic table | periodic table and elements | periodic table be element | periodic table of elements | elements chemistry table | elements periodic table | periodic table as element | periodic table of chemical element,informational,high school,article,low,chemistrytalk.org,no,8.0,Later/Skip,/guides/metals-nonmetals-metalloids-guide,Core interactive tool; merges with game version (tool).
"Stoichiometry, Moles & Molar Mass",Cheat Sheets,Stoichiometry Cheat Sheet - Conversion Chart Guide,/guides/stoichiometry-cheat-sheet,guide,guide,chemistry stoichiometry cheat sheet,20,40,40,20,2,chemistry conversion chart cheat sheet,informational,high school,article,high,,no,7.99,Later/Skip,/guides/chemistry-conversions-practice,Cheat-sheet reference; distinct sub-topic within stoich pillar.
Study Skills & Cheat Sheets,Study Techniques,How to Make Chemistry Flashcards - Study Guide,/guides/make-chemistry-flashcards,guide,guide,how to make flashcards for organic chemistry,10,30,30,10,3,how to make flashcards for chemistry | how to make organic chemistry flashcards,informational,college,article,high,,no,7.02,Later/Skip,/cheat-sheets,Study technique guide; distinct from game flashcards.
Chemistry Games Hub,Hub Blog,Best Chemistry Games - Our Top Picks,/blog/best-chemistry-games,blog,blog,best chemistry games,10,20,20,20,2,chemistry games reddit,commercial,general,article,high,,no,5.77,Later/Skip,/games,Commercial listicle; distinct from review games.
Periodic Table & Elements,Classroom Activities,Periodic Table Project Ideas - PDF & 3D Projects,/blog/periodic-table-project,blog,blog,periodic table project pdf,10,20,20,10,2,periodic table project 3d,informational,teacher,article,high,,no,5.77,Later/Skip,/guides/metals-nonmetals-metalloids-guide,Project builds distinct from game ideas; keep separate.
Study Skills & Cheat Sheets,Study Tools,Best Chemistry Apps for Students,/blog/chemistry-apps-students,blog,blog,chemistry apps for students,10,10,10,10,1,,commercial,high school,article,high,,no,4.01,Later/Skip,/cheat-sheets,Commercial tool listicle; study-adjacent pillar.
