domain,tld,keyword,keyword_volume_us,keyword_volume_au,cluster,cluster_total_volume_us,content_type,chemistry_topic,label_length,verification,notes,final_status
periodictable.com,com,periodic table,4090000,246000,Periodic Table Guide & Reference - Free Chemistry Cheat Sheet,4111020,guide,periodic table,13,rdap+whois,short label,REGISTERED
chemistryformulas.com,com,chemistry formulas,110000,1600,Chemistry Cheat Sheet - Free Reference Guide & Formulas,131700,guide,general chemistry,17,rdap+whois,,REGISTERED
chemicalequationbalancer.com,com,chemical equation balancer,40500,1900,Balancing Chemical Equations Game - Free Online Practice,152360,game,balancing equations,24,rdap+whois,,REGISTERED
howtobalancechemicalequations.com,com,how to balance chemical equations,22200,1900,How to Balance Chemical Equations: Step-by-Step Guide,175350,guide,balancing equations,29,rdap+whois,,AVAILABLE
polyatomicionslist.com,com,polyatomic ions list,18100,480,Polyatomic Ions Cheat Sheet - List & Memorization Tips,29080,guide,chemical formulas/naming,18,rdap+whois,,AVAILABLE
apchemistryformulasheet.com,com,ap chemistry formula sheet,18100,40,AP Chemistry Cheat Sheet - Formula Sheet & Quick Reference,18100,guide,general chemistry,23,rdap+whois,,AVAILABLE
whatischemistry.com,com,what is chemistry,18100,1300,What Is Chemistry? - A Simple Guide for Students,18100,guide,general chemistry,15,rdap+whois,,REGISTERED
balancingequations.com,com,balancing equations,12100,1600,Balancing Chemical Equations Game - Free Online Practice,152360,game,balancing equations,18,rdap+whois,,REGISTERED
periodictablepdf.com,com,periodic table pdf,9900,720,Periodic Table Guide & Reference - Free Chemistry Cheat Sheet,4111020,guide,periodic table,16,rdap+whois,,REGISTERED
quizabouttheperiodictable.com,com,quiz about the periodic table,6600,590,Periodic Table Game - Free Online Element Quiz,180970,game,periodic table,25,rdap+whois,game/quiz term,AVAILABLE
quizperiodictable.com,com,quiz periodic table,6600,590,Periodic Table Game - Free Online Element Quiz,180970,game,periodic table,17,rdap+whois,game/quiz term,AVAILABLE
periodictablequiz.com,com,periodic table quiz,6600,590,Periodic Table Game - Free Online Element Quiz,180970,game,periodic table,17,rdap+whois,game/quiz term,REGISTERED
namingioniccompounds.com,com,naming ionic compounds,6600,320,Naming Compounds Practice - Ionic & Covalent Naming,40040,guide,chemical formulas/naming,20,rdap+whois,,AVAILABLE
practicebalancingequations.com,com,practice balancing equations,5400,210,Balancing Chemical Equations Game - Free Online Practice,152360,game,balancing equations,26,rdap+whois,,AVAILABLE
orgo.com,com,orgo,5400,260,Chemistry Cheat Sheet - Free Reference Guide & Formulas,131700,guide,general chemistry,4,rdap+whois,short label,REGISTERED
ioniccompoundsexamples.com,com,ionic compounds examples,5400,390,Naming Compounds Practice - Ionic & Covalent Naming,40040,guide,chemical formulas/naming,22,rdap+whois,,AVAILABLE
balancingequationspractice.com,com,balancing equations practice,5400,210,Balancing Chemical Equations Practice - Worksheet & Answers,590,guide,balancing equations,26,rdap+whois,,AVAILABLE
practiceproblemsstoichiometry.com,com,practice problems stoichiometry,4400,30,Stoichiometry Practice Problems & Step-by-Step Solutions,31080,guide,stoichiometry/moles,29,rdap+whois,,AVAILABLE
practicestoichiometryproblems.com,com,practice stoichiometry problems,4400,30,Stoichiometry Practice Problems & Step-by-Step Solutions,31080,guide,stoichiometry/moles,29,rdap+whois,,AVAILABLE
stoichiometrypracticeproblems.com,com,stoichiometry practice problems,4400,30,Stoichiometry Practice Problems & Step-by-Step Solutions,31080,guide,stoichiometry/moles,29,rdap+whois,,AVAILABLE
namingcompoundschemistry.com,com,naming compounds chemistry,3600,170,Naming Compounds Practice - Ionic & Covalent Naming,40040,guide,chemical formulas/naming,24,rdap+whois,,AVAILABLE
namingcovalentcompounds.com,com,naming covalent compounds,3600,320,Naming Compounds Practice - Ionic & Covalent Naming,40040,guide,chemical formulas/naming,23,rdap+whois,,AVAILABLE
lewisstructurepractice.com,com,lewis structure practice,3600,50,Bonding Practice Game - Lewis Structures & Chemical Bonds,12840,game,bonding,22,rdap+whois,,AVAILABLE
practicelewisstructure.com,com,practice lewis structure,3600,50,Bonding Practice Game - Lewis Structures & Chemical Bonds,12840,game,bonding,22,rdap+whois,,AVAILABLE
periodictablegame.com,com,periodic table game,2900,260,(brand-level seed),0,brand,brand,17,rdap+whois,brand-level seed; game/quiz term,REGISTERED
ischemistryhard.com,com,is chemistry hard,2400,110,Chemistry Study Tips: How to Study Chemistry & Succeed,12570,blog,general chemistry,15,rdap+whois,,AVAILABLE
quizonchemistry.com,com,quiz on chemistry,1900,210,Chemistry Quiz - Free Online General Chemistry Game,16320,game,general chemistry,15,rdap+whois,game/quiz term,AVAILABLE
chemistryquiz.com,com,chemistry quiz,1900,210,(brand-level seed),0,brand,brand,13,rdap+whois,brand-level seed; short label; game/quiz term,REGISTERED
quizforchemistry.com,com,quiz for chemistry,1900,210,Chemistry Quiz - Free Online General Chemistry Game,16320,game,general chemistry,16,rdap+whois,game/quiz term,AVAILABLE
chemistrysciencequiz.com,com,chemistry science quiz,1900,210,Chemistry Quiz - Free Online General Chemistry Game,16320,game,general chemistry,20,rdap+whois,game/quiz term,AVAILABLE
quizaboutchemistry.com,com,quiz about chemistry,1900,210,Chemistry Quiz - Free Online General Chemistry Game,16320,game,general chemistry,18,rdap+whois,game/quiz term,AVAILABLE
quizchemistry.com,com,quiz chemistry,1900,210,Chemistry Quiz - Free Online General Chemistry Game,16320,game,general chemistry,13,rdap+whois,short label; game/quiz term,AVAILABLE
chemistrygames.com,com,chemistry games,1900,170,(brand-level seed),0,brand,brand,14,rdap+whois,brand-level seed; short label; game/quiz term,REGISTERED
gameswithchemistry.com,com,games with chemistry,1900,170,Chemistry Games for High School - Free Online Learning,10860,game,general chemistry,18,rdap+whois,game/quiz term,AVAILABLE
gamesinchemistry.com,com,games in chemistry,1900,170,Chemistry Games for High School - Free Online Learning,10860,game,general chemistry,16,rdap+whois,game/quiz term,AVAILABLE
namingpolyatomicions.com,com,naming polyatomic ions,1600,50,Naming Compounds Practice - Ionic & Covalent Naming,40040,guide,chemical formulas/naming,20,rdap+whois,,AVAILABLE
stoichiometrypractice.com,com,stoichiometry practice,1600,20,Stoichiometry Practice Problems & Step-by-Step Solutions,31080,guide,stoichiometry/moles,21,rdap+whois,,AVAILABLE
practicestoichiometry.com,com,practice stoichiometry,1600,20,Stoichiometry Practice Problems & Step-by-Step Solutions,31080,guide,stoichiometry/moles,21,rdap+whois,,AVAILABLE
polyatomicionssheet.com,com,polyatomic ions sheet,1300,40,Chemistry Cheat Sheet - Free Reference Guide & Formulas,131700,guide,general chemistry,19,rdap+whois,,AVAILABLE
namingcompoundspractice.com,com,naming compounds practice,1300,20,Naming Compounds Practice - Ionic & Covalent Naming,40040,guide,chemical formulas/naming,23,rdap+whois,,AVAILABLE
lewisstructurepracticeproblems.com,com,lewis structure practice problems,1300,10,Lewis Structure Practice Problems & Drawing Guide,7540,guide,bonding,30,rdap+whois,,AVAILABLE
chemicalequationsolver.com,com,chemical equation solver,880,70,How to Balance Chemical Equations: Step-by-Step Guide,175350,guide,balancing equations,22,rdap+whois,,AVAILABLE
practicechemistryproblems.com,com,practice chemistry problems,880,20,Chemistry Practice Problems - Free Exercises & Solutions,7110,guide,general chemistry,25,rdap+whois,,AVAILABLE
practiceproblemschemistry.com,com,practice problems chemistry,880,20,Chemistry Practice Problems - Free Exercises & Solutions,7110,guide,general chemistry,25,rdap+whois,,AVAILABLE
chemistryflashcards.com,com,chemistry flashcards,880,70,Chemistry Flashcards - Free Online Study Game,6490,game,general chemistry,19,rdap+whois,,REGISTERED
flashcardschemistry.com,com,flashcards chemistry,880,70,Chemistry Flashcards - Free Online Study Game,6490,game,general chemistry,19,rdap+whois,,AVAILABLE
orgomeaning.com,com,orgo meaning,880,70,Organic Chemistry Guide - What Is Organic Chemistry?,1250,guide,organic,11,rdap+whois,short label,AVAILABLE
chemistrycheatsheet.com,com,chemistry cheat sheet,720,70,(brand-level seed),0,brand,brand,19,rdap+whois,brand-level seed,AVAILABLE
cheatsheetchemistry.com,com,cheat sheet chemistry,720,70,Chemistry Cheat Sheet - Free Reference Guide & Formulas,131700,guide,general chemistry,19,rdap+whois,,AVAILABLE
chemistrypracticeproblems.com,com,chemistry practice problems,720,20,Chemistry Practice Problems - Free Exercises & Solutions,7110,guide,general chemistry,25,rdap+whois,,AVAILABLE
worksheetsforchemistry.com,com,worksheets for chemistry,720,50,Free Chemistry Worksheets - Practice Exercises & Answer Keys,5460,guide,general chemistry,22,rdap+whois,,AVAILABLE
chemistryworksheets.com,com,chemistry worksheets,720,50,Free Chemistry Worksheets - Practice Exercises & Answer Keys,5460,guide,general chemistry,19,rdap+whois,,REGISTERED
worksheetsinchemistry.com,com,worksheets in chemistry,720,50,Free Chemistry Worksheets - Practice Exercises & Answer Keys,5460,guide,general chemistry,21,rdap+whois,,AVAILABLE
worksheetschemistry.com,com,worksheets chemistry,720,50,Free Chemistry Worksheets - Practice Exercises & Answer Keys,5460,guide,general chemistry,19,rdap+whois,,AVAILABLE
chemistryquizquestions.com,com,chemistry quiz questions,720,20,Chemistry Quiz Questions with Answers - Free Practice,980,guide,general chemistry,22,rdap+whois,game/quiz term,AVAILABLE
apchemistrycheatsheet.com,com,ap chemistry cheat sheet,590,10,AP Chemistry Cheat Sheet - Formula Sheet & Quick Reference,18100,guide,general chemistry,21,rdap+whois,,AVAILABLE
organicchemistryflashcards.com,com,organic chemistry flashcards,590,20,Chemistry Flashcards - Free Online Study Game,6490,game,general chemistry,26,rdap+whois,,AVAILABLE
howmanypolyatomicionsarethere.com,com,how many polyatomic ions are there,590,20,"Polyatomic Ions Guide - List, Chart & Naming Rules",590,guide,chemical formulas/naming,29,rdap+whois,,AVAILABLE
polyatomicionsflashcards.com,com,polyatomic ions flashcards,590,20,Polyatomic Ions Flashcards - Free Online Game,590,game,chemical formulas/naming,24,rdap+whois,,AVAILABLE
gcsechemistryflashcards.com,com,gcse chemistry flashcards,480,10,Chemistry Flashcards - Free Online Study Game,6490,game,general chemistry,23,rdap+whois,,AVAILABLE
chemistryflashcardsgcse.com,com,chemistry flashcards gcse,480,10,Chemistry Flashcards - Free Online Study Game,6490,game,general chemistry,23,rdap+whois,,AVAILABLE
chemistrygcseflashcards.com,com,chemistry gcse flashcards,480,10,Chemistry Flashcards - Free Online Study Game,6490,game,general chemistry,23,rdap+whois,,AVAILABLE
statesofmattergame.com,com,states of matter game,480,90,States of Matter Game - Free Online Chemistry Game,1400,game,general chemistry,18,rdap+whois,game/quiz term,AVAILABLE
balancingchemicalequationsgame.com,com,balancing chemical equations game,390,40,Balancing Chemical Equations Game - Free Online Practice,152360,game,balancing equations,30,rdap+whois,game/quiz term,AVAILABLE
bondingchemistryworksheets.com,com,bonding chemistry worksheets,390,10,Bonding Practice Game - Lewis Structures & Chemical Bonds,12840,game,bonding,26,rdap+whois,,AVAILABLE
acidsandbasespracticeproblems.com,com,acids and bases practice problems,390,10,Acids and Bases Practice Problems & Solutions Guide,2400,guide,acids & bases,29,rdap+whois,,AVAILABLE
organicchemistrycheatsheet.com,com,organic chemistry cheat sheet,390,40,Organic Chemistry Cheat Sheet - Free Reference Guide,1840,guide,organic,26,rdap+whois,,AVAILABLE
orgoclass.com,com,orgo class,320,10,Organic Chemistry Guide - What Is Organic Chemistry?,1250,guide,organic,9,rdap+whois,short label,AVAILABLE
periodictableworksheetpdf.com,com,periodic table worksheet pdf,320,10,Periodic Table Worksheet - Free PDF Printables,380,guide,periodic table,25,rdap+whois,,AVAILABLE
titrationsimulation.com,com,titration simulation,320,40,Acids and Bases Game - Titration Simulation Online,320,game,acids & bases,19,rdap+whois,,AVAILABLE
moleculegame.com,com,molecule game,260,10,Bonding Practice Game - Lewis Structures & Chemical Bonds,12840,game,bonding,12,rdap+whois,short label; game/quiz term,REGISTERED
chemistrygamesapp.com,com,chemistry games app,260,10,Chemistry Games for High School - Free Online Learning,10860,game,general chemistry,17,rdap+whois,game/quiz term,AVAILABLE
apchemistryworksheets.com,com,ap chemistry worksheets,210,10,Free Chemistry Worksheets - Practice Exercises & Answer Keys,5460,guide,general chemistry,21,rdap+whois,,AVAILABLE
labtypesofchemicalreactions.com,com,lab types of chemical reactions,210,10,Types of Chemical Reactions Practice Problems & Quiz,1530,guide,reaction types,27,rdap+whois,,AVAILABLE
chemistrybondingquiz.com,com,chemistry bonding quiz,170,10,Bonding Practice Game - Lewis Structures & Chemical Bonds,12840,game,bonding,20,rdap+whois,game/quiz term,AVAILABLE
chemistrybondsquiz.com,com,chemistry bonds quiz,170,10,Bonding Practice Game - Lewis Structures & Chemical Bonds,12840,game,bonding,18,rdap+whois,game/quiz term,AVAILABLE
chemistrystudytips.com,com,chemistry study tips,170,10,Chemistry Study Tips: How to Study Chemistry & Succeed,12570,blog,general chemistry,18,rdap+whois,,AVAILABLE
chemistrygamesonline.com,com,chemistry games online,170,20,Chemistry Games for High School - Free Online Learning,10860,game,general chemistry,20,rdap+whois,game/quiz term,AVAILABLE
organicchemistrygames.com,com,organic chemistry games,170,10,Organic Chemistry Games Online - Naming & Learning,40,game,organic,21,rdap+whois,game/quiz term,AVAILABLE
organicchemistryquiz.com,com,organic chemistry quiz,170,40,Organic Chemistry Quiz - Functional Groups Game,3990,game,organic,20,rdap+whois,game/quiz term,AVAILABLE
organometallicchemistryquiz.com,com,organometallic chemistry quiz,170,40,Organic Chemistry Quiz - Functional Groups Game,3990,game,organic,27,rdap+whois,game/quiz term,AVAILABLE
quizorganicchemistry.com,com,quiz organic chemistry,170,40,Organic Chemistry Quiz - Functional Groups Game,3990,game,organic,20,rdap+whois,game/quiz term,AVAILABLE
chemistryacidsandbasesquiz.com,com,chemistry acids and bases quiz,170,20,Acids and Bases Quiz - Free Chemistry Quiz Game,340,game,acids & bases,26,rdap+whois,game/quiz term,AVAILABLE
organicchemistryworksheets.com,com,organic chemistry worksheets,170,30,Organic Chemistry Worksheets - Free PDF Printables,170,guide,organic,26,rdap+whois,,AVAILABLE
chemistryreactionsquiz.com,com,chemistry reactions quiz,140,20,Chemical Reactions Quiz - Free Online Game,280,game,reaction types,22,rdap+whois,game/quiz term,AVAILABLE
chemistryreactionquiz.com,com,chemistry reaction quiz,140,20,Chemical Reactions Quiz - Free Online Game,280,game,reaction types,21,rdap+whois,game/quiz term,AVAILABLE
labequipmentchemistryquiz.com,com,lab equipment chemistry quiz,110,10,Lab Equipment Quiz - Free Chemistry Quiz Game,560,game,lab safety,25,rdap+whois,game/quiz term,AVAILABLE
basicsofchemistryquiz.com,com,basics of chemistry quiz,110,10,Chemistry Basics Quiz - Test Your Knowledge Free,440,game,general chemistry,21,rdap+whois,game/quiz term,AVAILABLE
chemistrybasicsquiz.com,com,chemistry basics quiz,110,10,Chemistry Basics Quiz - Test Your Knowledge Free,440,game,general chemistry,19,rdap+whois,game/quiz term,AVAILABLE
basicchemistryquiz.com,com,basic chemistry quiz,110,10,Chemistry Basics Quiz - Test Your Knowledge Free,440,game,general chemistry,18,rdap+whois,game/quiz term,AVAILABLE
chemistrybasicquiz.com,com,chemistry basic quiz,110,10,Chemistry Basics Quiz - Test Your Knowledge Free,440,game,general chemistry,18,rdap+whois,game/quiz term,AVAILABLE
nuclearchemistryworksheets.com,com,nuclear chemistry worksheets,110,10,Chemistry Practice Worksheets - Nuclear & More,110,guide,atomic structure,26,rdap+whois,,AVAILABLE
chemistryreactiongames.com,com,chemistry reaction games,90,10,Types of Chemical Reactions Practice Problems & Quiz,1530,guide,reaction types,22,rdap+whois,game/quiz term,AVAILABLE
chemistrylabsafetyquiz.com,com,chemistry lab safety quiz,90,0,Lab Safety Quiz - Free Online Chemistry Lab Safety Game,620,game,lab safety,22,rdap+whois,game/quiz term,AVAILABLE
conversionworksheetschemistry.com,com,conversion worksheets chemistry,90,10,Chemistry Conversion Practice - Worksheets & Problems,200,guide,stoichiometry/moles,29,rdap+whois,,AVAILABLE
chemistryconversionworksheets.com,com,chemistry conversion worksheets,90,10,Chemistry Conversion Practice - Worksheets & Problems,200,guide,stoichiometry/moles,29,rdap+whois,,AVAILABLE
acidbasetitrationsimulation.com,com,acid-base titration simulation,90,10,Acids and Bases Game - Acid-Base Titration Online,160,game,acids & bases,27,rdap+whois,,AVAILABLE
apchemistryperiodictablepdf.com,com,ap chemistry periodic table pdf,90,0,Periodic Table Reference - Free PDF Download,90,guide,periodic table,27,rdap+whois,,AVAILABLE
basicchemistryworksheets.com,com,basic chemistry worksheets,70,10,Free Chemistry Worksheets - Practice Exercises & Answer Keys,5460,guide,general chemistry,24,rdap+whois,,AVAILABLE
titrationcurvesimulation.com,com,titration curve simulation,70,10,Acids & Bases Game - Titration Curve Simulation,70,game,acids & bases,24,rdap+whois,,AVAILABLE
sciencesimulationonline.com,com,science simulation online,70,10,Science Simulation Online - Free Chemistry Labs,70,game,general chemistry,23,rdap+whois,,AVAILABLE
chemistryreviewgames.com,com,chemistry review games,70,10,Fun Chemistry Review Games for the Classroom,70,blog,general chemistry,20,rdap+whois,game/quiz term,AVAILABLE
chemistryquizonline.com,com,chemistry quiz online,50,10,Chemistry Quiz Online - Free Interactive Games,250,game,general chemistry,19,rdap+whois,game/quiz term,AVAILABLE
binarycompoundslist.com,com,binary compounds list,50,10,"Naming Compounds Guide - Ionic, Covalent & More",160,guide,chemical formulas/naming,19,rdap+whois,,AVAILABLE
buildamoleculegame.com,com,build a molecule game,50,10,Molecule Builder Game - Build Molecules Free,150,game,bonding,18,rdap+whois,game/quiz term,AVAILABLE
moleculebuildergame.com,com,molecule builder game,50,10,Molecule Builder Game - Build Molecules Free,150,game,bonding,19,rdap+whois,game/quiz term,AVAILABLE
moleculebuildinggame.com,com,molecule building game,50,10,Molecule Building Game - Build & Explore Chemistry,20,game,bonding,20,rdap+whois,game/quiz term,AVAILABLE
chemistryapparatusquiz.com,com,chemistry apparatus quiz,40,10,Lab Equipment Quiz - Free Chemistry Quiz Game,560,game,lab safety,22,rdap+whois,game/quiz term,AVAILABLE
chemistrytoolsquiz.com,com,chemistry tools quiz,40,10,Lab Equipment Quiz - Free Chemistry Quiz Game,560,game,lab safety,18,rdap+whois,game/quiz term,AVAILABLE
chemistryequipmentquiz.com,com,chemistry equipment quiz,40,10,Lab Equipment Quiz - Free Chemistry Quiz Game,560,game,lab safety,22,rdap+whois,game/quiz term,AVAILABLE
orgoorochem.com,com,orgo or ochem,40,10,Organic Chemistry Naming Quiz - Free Nomenclature Game,100,game,organic,11,rdap+whois,short label,AVAILABLE
chemistryfunctionalgroupsquiz.com,com,chemistry functional groups quiz,40,10,Functional Groups Quiz - Free Organic Chemistry Game,80,game,organic,29,rdap+whois,game/quiz term,AVAILABLE
solutionschemistryworksheets.com,com,solutions chemistry worksheets,40,10,Solutions Chemistry Worksheets - Free PDF Printables,80,guide,general chemistry,28,rdap+whois,,AVAILABLE
chemistrysolutionsworksheets.com,com,chemistry solutions worksheets,40,10,Solutions Chemistry Worksheets - Free PDF Printables,80,guide,general chemistry,28,rdap+whois,,AVAILABLE
generalchemistryquiz.com,com,general chemistry quiz,40,10,General Chemistry Quiz - Free Practice with Answers,60,guide,general chemistry,20,rdap+whois,game/quiz term,AVAILABLE
chemistrybondinggames.com,com,chemistry bonding games,40,10,Chemistry Bonding Game - Free Online Practice,40,game,bonding,21,rdap+whois,game/quiz term,AVAILABLE
chemistryquizgames.com,com,chemistry quiz games,30,10,Chemistry Quiz Games - Free Interactive Online,180,game,general chemistry,18,rdap+whois,game/quiz term,AVAILABLE
equilibriumchemistryquiz.com,com,equilibrium chemistry quiz,30,10,Chemistry Quiz Games - Free Interactive Online,180,game,general chemistry,24,rdap+whois,game/quiz term,AVAILABLE
internationalchemistryquiz.com,com,international chemistry quiz,30,260,Chemistry Quiz Games - Free Interactive Online,180,game,general chemistry,26,rdap+whois,game/quiz term,AVAILABLE
chemistryequilibriumquiz.com,com,chemistry equilibrium quiz,30,10,Chemistry Quiz Games - Free Interactive Online,180,game,general chemistry,24,rdap+whois,game/quiz term,AVAILABLE
chemistryfinalexamcheatsheet.com,com,chemistry final exam cheat sheet,30,10,Chemistry Cheat Sheet - Free PDF Download,180,guide,general chemistry,28,rdap+whois,,AVAILABLE
acidbasegame.com,com,acid base game,30,10,Acids and Bases Game - Acid-Base Titration Online,160,game,acids & bases,12,rdap+whois,short label; game/quiz term,AVAILABLE
mcatorganicchemistrycheatsheet.com,com,mcat organic chemistry cheat sheet,30,10,Organic Chemistry Cheat Sheet - Free PDF Reagents,120,guide,organic,30,rdap+whois,,AVAILABLE
chemistrypracticeworksheets.com,com,chemistry practice worksheets,30,10,Chemistry Practice Worksheets - Nuclear & More,110,guide,atomic structure,27,rdap+whois,,AVAILABLE
organicchemistrynamingquiz.com,com,organic chemistry naming quiz,30,10,Organic Chemistry Naming Quiz - Free Nomenclature Game,100,game,organic,26,rdap+whois,game/quiz term,AVAILABLE
periodictablefunactivities.com,com,periodic table fun activities,30,10,Periodic Table Fun Activities & Games for Students,30,blog,periodic table,26,rdap+whois,,AVAILABLE
polyatomicionsnotes.com,com,polyatomic ions notes,20,10,Polyatomic Ions Cheat Sheet - List & Memorization Tips,29080,guide,chemical formulas/naming,19,rdap+whois,,AVAILABLE
titrationlabsimulation.com,com,titration lab simulation,20,10,Acid-Base Titration Simulation - Free Virtual Lab,200,game,acids & bases,22,rdap+whois,,AVAILABLE
onlinetitrationsimulation.com,com,online titration simulation,20,10,Acid-Base Titration Simulation - Free Virtual Lab,200,game,acids & bases,25,rdap+whois,,AVAILABLE
titrationsimulationonline.com,com,titration simulation online,20,10,Acid-Base Titration Simulation - Free Virtual Lab,200,game,acids & bases,25,rdap+whois,,AVAILABLE
titrationonlinesimulation.com,com,titration online simulation,20,10,Acid-Base Titration Simulation - Free Virtual Lab,200,game,acids & bases,25,rdap+whois,,AVAILABLE
titrationsimulationlab.com,com,titration simulation lab,20,10,Acid-Base Titration Simulation - Free Virtual Lab,200,game,acids & bases,22,rdap+whois,,AVAILABLE
chemistryquizonatoms.com,com,chemistry quiz on atoms,20,10,Atomic Structure Quiz - Free Chemistry Game,140,game,atomic structure,20,rdap+whois,game/quiz term,AVAILABLE
atomicchemistryquiz.com,com,atomic chemistry quiz,20,10,Atomic Structure Quiz - Free Chemistry Game,140,game,atomic structure,19,rdap+whois,game/quiz term,AVAILABLE
molechemistryquiz.com,com,mole chemistry quiz,20,10,Moles Quiz - Free Online Chemistry Practice Game,100,game,stoichiometry/moles,17,rdap+whois,game/quiz term,AVAILABLE
molesquizchemistry.com,com,moles quiz chemistry,20,10,Moles Quiz - Free Online Chemistry Practice Game,100,game,stoichiometry/moles,18,rdap+whois,game/quiz term,AVAILABLE
molequizchemistry.com,com,mole quiz chemistry,20,10,Moles Quiz - Free Online Chemistry Practice Game,100,game,stoichiometry/moles,17,rdap+whois,game/quiz term,AVAILABLE
chemistrymolesquiz.com,com,chemistry moles quiz,20,10,Moles Quiz - Free Online Chemistry Practice Game,100,game,stoichiometry/moles,18,rdap+whois,game/quiz term,AVAILABLE
chemistryquizmoles.com,com,chemistry quiz moles,20,10,Moles Quiz - Free Online Chemistry Practice Game,100,game,stoichiometry/moles,18,rdap+whois,game/quiz term,AVAILABLE
chemistryquizsolutions.com,com,chemistry quiz solutions,20,0,Solutions Quiz - Free Online Chemistry Practice Game,100,game,general chemistry,22,rdap+whois,game/quiz term,AVAILABLE
solutionquizchemistry.com,com,solution quiz chemistry,20,0,Solutions Quiz - Free Online Chemistry Practice Game,100,game,general chemistry,21,rdap+whois,game/quiz term,AVAILABLE
chemistrysolutionsquiz.com,com,chemistry solutions quiz,20,0,Solutions Quiz - Free Online Chemistry Practice Game,100,game,general chemistry,22,rdap+whois,game/quiz term,AVAILABLE
solutionsquizchemistry.com,com,solutions quiz chemistry,20,0,Solutions Quiz - Free Online Chemistry Practice Game,100,game,general chemistry,22,rdap+whois,game/quiz term,AVAILABLE
chemistrysolutionquiz.com,com,chemistry solution quiz,20,0,Solutions Quiz - Free Online Chemistry Practice Game,100,game,general chemistry,21,rdap+whois,game/quiz term,AVAILABLE
chemistrymatterquiz.com,com,chemistry matter quiz,20,0,Matter Quiz - Free Online Chemistry Game,60,game,general chemistry,19,rdap+whois,game/quiz term,AVAILABLE
matterchemistryquiz.com,com,matter chemistry quiz,20,0,Matter Quiz - Free Online Chemistry Game,60,game,general chemistry,19,rdap+whois,game/quiz term,AVAILABLE
chemistryfordummiesyoutube.com,com,chemistry for dummies youtube,20,10,General Chemistry Guide - Everything Beginners Need,60,guide,general chemistry,26,rdap+whois,,AVAILABLE
chemistryionsquiz.com,com,chemistry ions quiz,20,10,Ions Quiz - Free Online Chemistry Game,50,game,chemical formulas/naming,17,rdap+whois,game/quiz term,AVAILABLE
chemistryionquiz.com,com,chemistry ion quiz,20,10,Ions Quiz - Free Online Chemistry Game,50,game,chemical formulas/naming,16,rdap+whois,game/quiz term,AVAILABLE
solutionschemistryquiz.com,com,solutions chemistry quiz,20,0,Solutions Chemistry Quiz - Free Online Game,40,game,stoichiometry/moles,22,rdap+whois,game/quiz term,AVAILABLE
solutionchemistryquiz.com,com,solution chemistry quiz,20,0,Solutions Chemistry Quiz - Free Online Game,40,game,stoichiometry/moles,21,rdap+whois,game/quiz term,AVAILABLE
moleculemakergame.com,com,molecule maker game,20,10,Molecule Building Game - Build & Explore Chemistry,20,game,bonding,17,rdap+whois,game/quiz term,AVAILABLE
googlechemistryquiz.com,com,google chemistry quiz,10,10,Chemistry Quizzes - Free Online Chemistry Games,250,game,general chemistry,19,rdap+whois,game/quiz term,AVAILABLE
chemistryquizonlinefree.com,com,chemistry quiz online free,10,10,Chemistry Quiz Online - Free Interactive Games,250,game,general chemistry,23,rdap+whois,game/quiz term,AVAILABLE
titrationexperimentsimulation.com,com,titration experiment simulation,10,10,Acid-Base Titration Simulation - Free Virtual Lab,200,game,acids & bases,29,rdap+whois,,AVAILABLE
practiceproblemsmoleconversion.com,com,practice problems mole conversion,10,10,Mole Conversion Practice - Worksheet & Answers,160,guide,stoichiometry/moles,30,rdap+whois,,AVAILABLE
chemistryworksheetswithanswers.com,com,chemistry worksheets with answers,10,10,Chemistry Worksheets with Answers - Free PDF,130,guide,general chemistry,30,rdap+whois,,AVAILABLE
chemistryactivityworksheets.com,com,chemistry activity worksheets,10,0,Chemistry Worksheets with Answers - Free PDF,130,guide,general chemistry,27,rdap+whois,,AVAILABLE
chemistrycornerworksheets.com,com,chemistry corner worksheets,10,10,Chemistry Worksheets with Answers - Free PDF,130,guide,general chemistry,25,rdap+whois,,AVAILABLE
chemistryreviewgamesjeopardy.com,com,chemistry review games jeopardy,10,0,Fun Chemistry Review Games for the Classroom,70,blog,general chemistry,28,rdap+whois,game/quiz term,AVAILABLE
chemistryclassroomgames.com,com,chemistry classroom games,10,10,Fun Chemistry Review Games for the Classroom,70,blog,general chemistry,23,rdap+whois,game/quiz term,AVAILABLE
classroomchemistrygames.com,com,classroom chemistry games,10,10,Fun Chemistry Review Games for the Classroom,70,blog,general chemistry,23,rdap+whois,game/quiz term,AVAILABLE
creativechemistryboardgames.com,com,creative chemistry board games,10,0,Chemistry Games Ideas - Printable Classroom Activities,50,blog,general chemistry,27,rdap+whois,game/quiz term,AVAILABLE
chemistrygamesideas.com,com,chemistry games ideas,10,10,Chemistry Games Ideas - Printable Classroom Activities,50,blog,general chemistry,19,rdap+whois,game/quiz term,AVAILABLE
chemistrygamesprintable.com,com,chemistry games printable,10,10,Chemistry Games Ideas - Printable Classroom Activities,50,blog,general chemistry,23,rdap+whois,game/quiz term,AVAILABLE
printablechemistrygames.com,com,printable chemistry games,10,10,Chemistry Games Ideas - Printable Classroom Activities,50,blog,general chemistry,23,rdap+whois,game/quiz term,AVAILABLE
organicchemistrylearninggames.com,com,organic chemistry learning games,10,0,Organic Chemistry Games Online - Naming & Learning,40,game,organic,29,rdap+whois,game/quiz term,AVAILABLE
basicchemistrygames.com,com,basic chemistry games,10,10,Simple Chemistry Games - Free for Beginners & Kids,40,game,general chemistry,19,rdap+whois,game/quiz term,AVAILABLE
simplechemistrygames.com,com,simple chemistry games,10,10,Simple Chemistry Games - Free for Beginners & Kids,40,game,general chemistry,20,rdap+whois,game/quiz term,AVAILABLE
irquizorganicchemistry.com,com,ir quiz organic chemistry,10,0,Organic Chemistry Quiz - Functional Groups & More,40,game,organic,22,rdap+whois,game/quiz term,AVAILABLE
chemistryhydrocarbonsquiz.com,com,chemistry hydrocarbons quiz,10,10,Organic Chemistry Quiz - Functional Groups & More,40,game,organic,25,rdap+whois,game/quiz term,AVAILABLE
periodictablegameideas.com,com,periodic table game ideas,10,10,Periodic Table Game Ideas for the Classroom,40,blog,periodic table,22,rdap+whois,game/quiz term,AVAILABLE
apchemistryreviewgames.com,com,ap chemistry review games,10,0,Chemistry Review Games Online - Free for Finals,30,game,general chemistry,22,rdap+whois,game/quiz term,AVAILABLE
makechemistryflashcards.com,com,make chemistry flashcards,10,0,How to Make Chemistry Flashcards - Study Guide,30,guide,organic,23,rdap+whois,,AVAILABLE
onlinesciencelabsimulations.com,com,online science lab simulations,10,10,Virtual Chemistry Lab - Free Online Simulations,30,game,lab safety,27,rdap+whois,,AVAILABLE
bestchemistrygames.com,com,best chemistry games,10,10,Best Chemistry Games - Our Top Picks,20,blog,general chemistry,18,rdap+whois,game/quiz term,AVAILABLE
chemistrygamesreddit.com,com,chemistry games reddit,10,10,Best Chemistry Games - Our Top Picks,20,blog,general chemistry,20,rdap+whois,game/quiz term,AVAILABLE
periodictableprojectpdf.com,com,periodic table project pdf,10,10,Periodic Table Project Ideas - PDF & 3D Projects,20,blog,periodic table,23,rdap+whois,,AVAILABLE
namingorganiccompoundsgame.com,com,naming organic compounds game,10,10,Naming Organic Compounds Game - Free Practice,10,game,organic,26,rdap+whois,game/quiz term,AVAILABLE
chemistryappsforstudents.com,com,chemistry apps for students,10,10,Best Chemistry Apps for Students,10,blog,general chemistry,24,rdap+whois,,AVAILABLE
periodictrendsquizwithanswers.com,com,periodic trends quiz with answers,10,0,Periodic Trends Quiz - Free Chemistry Game,10,game,periodic table,29,rdap+whois,game/quiz term,AVAILABLE
periodictableguide.com,com,periodic table guide,0,0,Periodic Table Guide & Reference - Free Chemistry Cheat Sheet,4111020,guide,periodic table,18,rdap+whois,,REGISTERED
typesofchemicalreactionsguide.com,com,types of chemical reactions guide,0,0,Types of Chemical Reactions Guide & Examples,78650,guide,reaction types,29,rdap+whois,,AVAILABLE
polyatomicionscheatsheet.com,com,polyatomic ions cheat sheet,0,0,Polyatomic Ions Cheat Sheet - List & Memorization Tips,29080,guide,chemical formulas/naming,24,rdap+whois,,AVAILABLE
whatischemistryguide.com,com,what is chemistry guide,0,0,What Is Chemistry? - A Simple Guide for Students,18100,guide,general chemistry,20,rdap+whois,,AVAILABLE
bondingpractice.com,com,bonding practice,0,0,Bonding Practice Game - Lewis Structures & Chemical Bonds,12840,game,bonding,15,rdap+whois,,AVAILABLE
chemistrygamesforhighschool.com,com,chemistry games for high school,0,0,Chemistry Games for High School - Free Online Learning,10860,game,general chemistry,27,rdap+whois,game/quiz term,AVAILABLE
organicchemistrypractice.com,com,organic chemistry practice,0,0,Organic Chemistry Practice Problems & Exercises,6140,guide,organic,24,rdap+whois,,AVAILABLE
chemistryconversionspractice.com,com,chemistry conversions practice,0,0,Chemistry Conversions & Unit Conversion Practice,4240,game,general chemistry,28,rdap+whois,,AVAILABLE
acidbasepractice.com,com,acid base practice,0,0,Acids and Bases Practice Problems & Solutions Guide,2400,guide,acids & bases,16,rdap+whois,,AVAILABLE
organicchemistryguide.com,com,organic chemistry guide,0,0,Organic Chemistry Guide - What Is Organic Chemistry?,1250,guide,organic,21,rdap+whois,,REGISTERED
labsafetyquiz.com,com,lab safety quiz,0,0,Lab Safety Quiz - Free Online Chemistry Lab Safety Game,620,game,lab safety,13,rdap+whois,short label; game/quiz term,AVAILABLE
polyatomicionsguide.com,com,polyatomic ions guide,0,0,"Polyatomic Ions Guide - List, Chart & Naming Rules",590,guide,chemical formulas/naming,19,rdap+whois,,AVAILABLE
labequipmentquiz.com,com,lab equipment quiz,0,0,Lab Equipment Quiz - Free Chemistry Quiz Game,560,game,lab safety,16,rdap+whois,game/quiz term,AVAILABLE
organicchemistryflashcardgame.com,com,organic chemistry flashcard game,0,0,Organic Chemistry Flashcards - Reactions Game,450,game,organic,29,rdap+whois,game/quiz term,AVAILABLE
functionalgroupsflashcards.com,com,functional groups flashcards,0,0,Functional Group Flashcards - Organic Chemistry Game,420,game,organic,26,rdap+whois,,AVAILABLE
periodictableworksheet.com,com,periodic table worksheet,0,0,Periodic Table Worksheet - Free PDF Printables,380,guide,periodic table,22,rdap+whois,,AVAILABLE
acidsandbasesquiz.com,com,acids and bases quiz,0,0,Acids and Bases Quiz - Free Chemistry Quiz Game,340,game,acids & bases,17,rdap+whois,game/quiz term,AVAILABLE
acidsandbasesgame.com,com,acids and bases game,0,0,Acids and Bases Game - Titration Simulation Online,320,game,acids & bases,17,rdap+whois,game/quiz term,AVAILABLE
reactiontypespractice.com,com,reaction types practice,0,0,Chemical Reaction Types Practice - Worksheets & Problems,290,guide,reaction types,21,rdap+whois,,AVAILABLE
chemicalreactionsquiz.com,com,chemical reactions quiz,0,0,Chemical Reactions Quiz - Free Online Game,280,game,reaction types,21,rdap+whois,game/quiz term,AVAILABLE
chemicalformulaspractice.com,com,chemical formulas practice,0,0,Writing Chemical Formulas Practice - Free Game,270,game,chemical formulas/naming,24,rdap+whois,,AVAILABLE
apchemistrypractice.com,com,ap chemistry practice,0,0,AP Chemistry Practice Problems - By Unit & Topic,270,guide,general chemistry,19,rdap+whois,,AVAILABLE
bondingguide.com,com,bonding guide,0,0,"Chemical Bonding Guide - Covalent, Ionic & More",260,guide,bonding,12,rdap+whois,short label,AVAILABLE
reactiontypesgame.com,com,reaction types game,0,0,Types of Chemical Reactions Game - Virtual Lab,260,game,reaction types,17,rdap+whois,game/quiz term,AVAILABLE
chemistryquizzes.com,com,chemistry quizzes,0,0,(brand-level seed),0,brand,brand,16,rdap+whois,brand-level seed; game/quiz term,REGISTERED
physicalandchemicalchangesquiz.com,com,physical and chemical changes quiz,0,0,Physical & Chemical Changes Quiz - Free Game,210,game,reaction types,30,rdap+whois,game/quiz term,AVAILABLE
periodictableprojectideas.com,com,periodic table project ideas,0,0,Periodic Table Project Ideas for Students,210,blog,periodic table,25,rdap+whois,,AVAILABLE
chemistryconversionpractice.com,com,chemistry conversion practice,0,0,Chemistry Conversion Practice - Worksheets & Problems,200,guide,stoichiometry/moles,27,rdap+whois,,AVAILABLE
resonancestructurespractice.com,com,resonance structures practice,0,0,Resonance Structures Practice Problems - Organic Chem,200,guide,organic,27,rdap+whois,,AVAILABLE
cheatsheet.com,com,cheat sheet,0,0,Chemistry Cheat Sheet - Free PDF Download,180,guide,general chemistry,10,rdap+whois,short label,REGISTERED
generalchemistrypractice.com,com,general chemistry practice,0,0,General Chemistry Practice Problems - Free Game,170,game,general chemistry,24,rdap+whois,,AVAILABLE
namingcompoundsguide.com,com,naming compounds guide,0,0,"Naming Compounds Guide - Ionic, Covalent & More",160,guide,chemical formulas/naming,20,rdap+whois,,AVAILABLE
moleconversionpractice.com,com,mole conversion practice,0,0,Mole Conversion Practice - Worksheet & Answers,160,guide,stoichiometry/moles,22,rdap+whois,,AVAILABLE
typesofchemicalreactionsgame.com,com,types of chemical reactions game,0,0,Types of Chemical Reactions Game - Free Online,140,game,reaction types,28,rdap+whois,game/quiz term,AVAILABLE
atomicstructurequiz.com,com,atomic structure quiz,0,0,Atomic Structure Quiz - Free Chemistry Game,140,game,atomic structure,19,rdap+whois,game/quiz term,AVAILABLE
organicnomenclaturequiz.com,com,organic nomenclature quiz,0,0,Organic Nomenclature Quiz - IUPAC Naming Game,120,game,organic,23,rdap+whois,game/quiz term,AVAILABLE
unitconversionspractice.com,com,unit conversions practice,0,0,Unit Conversions Practice - Chemistry Quiz Game,120,game,general chemistry,23,rdap+whois,,AVAILABLE
thermodynamicspracticeproblems.com,com,thermodynamics practice problems,0,0,Thermodynamics Practice Problems - Chemistry Game,120,game,general chemistry,30,rdap+whois,,AVAILABLE
organicnomenclaturepractice.com,com,organic nomenclature practice,0,0,Organic Nomenclature Practice - IUPAC Problems,120,game,organic,27,rdap+whois,,AVAILABLE
organiccheatsheet.com,com,organic cheat sheet,0,0,Organic Chemistry Cheat Sheet - Free PDF Reagents,120,guide,organic,17,rdap+whois,,AVAILABLE
periodictablecheatsheet.com,com,periodic table cheat sheet,0,0,Periodic Table Cheat Sheet - First 20 Elements Guide,110,guide,periodic table,23,rdap+whois,,AVAILABLE
molesquiz.com,com,moles quiz,0,0,Moles Quiz - Free Online Chemistry Practice Game,100,game,stoichiometry/moles,9,rdap+whois,short label; game/quiz term,AVAILABLE
solutionsquiz.com,com,solutions quiz,0,0,Solutions Quiz - Free Online Chemistry Practice Game,100,game,general chemistry,13,rdap+whois,short label; game/quiz term,AVAILABLE
chemistrypractice.com,com,chemistry practice,0,0,(brand-level seed),0,brand,brand,17,rdap+whois,brand-level seed,REGISTERED
periodictablereference.com,com,periodic table reference,0,0,Periodic Table Reference - Free PDF Download,90,guide,periodic table,22,rdap+whois,,AVAILABLE
functionalgroupsquiz.com,com,functional groups quiz,0,0,Functional Groups Quiz - Free Organic Chemistry Game,80,game,organic,20,rdap+whois,game/quiz term,AVAILABLE
solutionsworksheets.com,com,solutions worksheets,0,0,Solutions Chemistry Worksheets - Free PDF Printables,80,guide,general chemistry,19,rdap+whois,,AVAILABLE
acidsbasesgame.com,com,acids bases game,0,0,Acids & Bases Game - Titration Curve Simulation,70,game,acids & bases,14,rdap+whois,short label; game/quiz term,AVAILABLE
periodictablepractice.com,com,periodic table practice,0,0,Periodic Table Practice - Test Questions & Answers,70,guide,periodic table,21,rdap+whois,,AVAILABLE
matterquiz.com,com,matter quiz,0,0,Matter Quiz - Free Online Chemistry Game,60,game,general chemistry,10,rdap+whois,short label; game/quiz term,AVAILABLE
generalchemistryguide.com,com,general chemistry guide,0,0,General Chemistry Guide - Everything Beginners Need,60,guide,general chemistry,21,rdap+whois,,AVAILABLE
bondingcheatsheet.com,com,bonding cheat sheet,0,0,Chemical Bonding Cheat Sheet - Ionic & Covalent Guide,50,guide,bonding,17,rdap+whois,,AVAILABLE
ionsquiz.com,com,ions quiz,0,0,Ions Quiz - Free Online Chemistry Game,50,game,chemical formulas/naming,8,rdap+whois,short label; game/quiz term,AVAILABLE
bondinggame.com,com,bonding game,0,0,Chemistry Bonding Game - Free Online Practice,40,game,bonding,11,rdap+whois,short label; game/quiz term,REGISTERED
halflifepractice.com,com,half life practice,0,0,Half-Life Chemistry Practice Problems - Free Game,40,game,general chemistry,16,rdap+whois,,AVAILABLE
gaslawspractice.com,com,gas laws practice,0,0,Gas Laws Practice Problems - Free Chemistry Game,40,game,general chemistry,15,rdap+whois,,AVAILABLE
stoichiometrycheatsheet.com,com,stoichiometry cheat sheet,0,0,Stoichiometry Cheat Sheet - Conversion Chart Guide,40,guide,stoichiometry/moles,23,rdap+whois,,AVAILABLE
chemistrygamesbeginners.com,com,chemistry games beginners,0,0,Simple Chemistry Games - Free for Beginners & Kids,40,game,general chemistry,23,rdap+whois,game/quiz term,AVAILABLE
organicchemistryquizzes.com,com,organic chemistry quizzes,0,0,Organic Chemistry Quiz - Functional Groups & More,40,game,organic,23,rdap+whois,game/quiz term,AVAILABLE
acidsbasescheatsheet.com,com,acids bases cheat sheet,0,0,Acids & Bases Cheat Sheet - Quick Reference Guide,30,guide,acids & bases,20,rdap+whois,,AVAILABLE
periodictablegamesstudents.com,com,periodic table games students,0,0,Periodic Table Fun Activities & Games for Students,30,blog,periodic table,26,rdap+whois,game/quiz term,AVAILABLE
virtualchemistrylab.com,com,virtual chemistry lab,0,0,Virtual Chemistry Lab - Free Online Simulations,30,game,lab safety,19,rdap+whois,,AVAILABLE
typeschemicalreactionsquiz.com,com,types chemical reactions quiz,0,0,Types of Chemical Reactions Quiz - Free Game,20,game,reaction types,26,rdap+whois,game/quiz term,AVAILABLE
periodictableproject.com,com,periodic table project,0,0,Periodic Table Project Ideas - PDF & 3D Projects,20,blog,periodic table,20,rdap+whois,,REGISTERED
namingacidsbasespractice.com,com,naming acids bases practice,0,0,Naming Acids & Bases Practice Worksheet - Free,10,guide,acids & bases,24,rdap+whois,,AVAILABLE
namingorganiccompounds.com,com,naming organic compounds,0,0,Naming Organic Compounds Game - Free Practice,10,game,organic,22,rdap+whois,,AVAILABLE
chemistryappsstudents.com,com,chemistry apps students,0,0,Best Chemistry Apps for Students,10,blog,general chemistry,21,rdap+whois,,AVAILABLE
periodictrendsquiz.com,com,periodic trends quiz,0,0,Periodic Trends Quiz - Free Chemistry Game,10,game,periodic table,18,rdap+whois,game/quiz term,AVAILABLE
chemgames.com,com,chem games,0,0,(brand-level seed),0,brand,brand,9,rdap+whois,brand-level seed; short label; game/quiz term,REGISTERED
chemistrygame.com,com,chemistry game,0,0,(brand-level seed),0,brand,brand,13,rdap+whois,brand-level seed; short label; game/quiz term,REGISTERED
periodictablegames.com,com,periodic table games,0,0,(brand-level seed),0,brand,brand,18,rdap+whois,brand-level seed; game/quiz term,REGISTERED
