domain,tld,keyword,keyword_volume_us,keyword_volume_au,cluster,cluster_total_volume_us,content_type,chemistry_topic,label_length,verification,notes
howtobalancechemicalequations.com,com,how to balance chemical equations,22200,1900,How to Balance Chemical Equations: Step-by-Step Guide,175350,guide,balancing equations,29,rdap+whois,
polyatomicionslist.com,com,polyatomic ions list,18100,480,Polyatomic Ions Cheat Sheet - List & Memorization Tips,29080,guide,chemical formulas/naming,18,rdap+whois,
apchemistryformulasheet.com,com,ap chemistry formula sheet,18100,40,AP Chemistry Cheat Sheet - Formula Sheet & Quick Reference,18100,guide,general chemistry,23,rdap+whois,
quizperiodictable.com,com,quiz periodic table,6600,590,Periodic Table Game - Free Online Element Quiz,180970,game,periodic table,17,rdap+whois,game/quiz term
namingioniccompounds.com,com,naming ionic compounds,6600,320,Naming Compounds Practice - Ionic & Covalent Naming,40040,guide,chemical formulas/naming,20,rdap+whois,
quizabouttheperiodictable.com,com,quiz about the periodic table,6600,590,Periodic Table Game - Free Online Element Quiz,180970,game,periodic table,25,rdap+whois,game/quiz term
ioniccompoundsexamples.com,com,ionic compounds examples,5400,390,Naming Compounds Practice - Ionic & Covalent Naming,40040,guide,chemical formulas/naming,22,rdap+whois,
practicebalancingequations.com,com,practice balancing equations,5400,210,Balancing Chemical Equations Game - Free Online Practice,152360,game,balancing equations,26,rdap+whois,
balancingequationspractice.com,com,balancing equations practice,5400,210,Balancing Chemical Equations Practice - Worksheet & Answers,590,guide,balancing equations,26,rdap+whois,
practiceproblemsstoichiometry.com,com,practice problems stoichiometry,4400,30,Stoichiometry Practice Problems & Step-by-Step Solutions,31080,guide,stoichiometry/moles,29,rdap+whois,
practicestoichiometryproblems.com,com,practice stoichiometry problems,4400,30,Stoichiometry Practice Problems & Step-by-Step Solutions,31080,guide,stoichiometry/moles,29,rdap+whois,
stoichiometrypracticeproblems.com,com,stoichiometry practice problems,4400,30,Stoichiometry Practice Problems & Step-by-Step Solutions,31080,guide,stoichiometry/moles,29,rdap+whois,
lewisstructurepractice.com,com,lewis structure practice,3600,50,Bonding Practice Game - Lewis Structures & Chemical Bonds,12840,game,bonding,22,rdap+whois,
practicelewisstructure.com,com,practice lewis structure,3600,50,Bonding Practice Game - Lewis Structures & Chemical Bonds,12840,game,bonding,22,rdap+whois,
namingcovalentcompounds.com,com,naming covalent compounds,3600,320,Naming Compounds Practice - Ionic & Covalent Naming,40040,guide,chemical formulas/naming,23,rdap+whois,
namingcompoundschemistry.com,com,naming compounds chemistry,3600,170,Naming Compounds Practice - Ionic & Covalent Naming,40040,guide,chemical formulas/naming,24,rdap+whois,
ischemistryhard.com,com,is chemistry hard,2400,110,Chemistry Study Tips: How to Study Chemistry & Succeed,12570,blog,general chemistry,15,rdap+whois,
quizchemistry.com,com,quiz chemistry,1900,210,Chemistry Quiz - Free Online General Chemistry Game,16320,game,general chemistry,13,rdap+whois,short label; game/quiz term
quizonchemistry.com,com,quiz on chemistry,1900,210,Chemistry Quiz - Free Online General Chemistry Game,16320,game,general chemistry,15,rdap+whois,game/quiz term
quizforchemistry.com,com,quiz for chemistry,1900,210,Chemistry Quiz - Free Online General Chemistry Game,16320,game,general chemistry,16,rdap+whois,game/quiz term
gamesinchemistry.com,com,games in chemistry,1900,170,Chemistry Games for High School - Free Online Learning,10860,game,general chemistry,16,rdap+whois,game/quiz term
quizaboutchemistry.com,com,quiz about chemistry,1900,210,Chemistry Quiz - Free Online General Chemistry Game,16320,game,general chemistry,18,rdap+whois,game/quiz term
gameswithchemistry.com,com,games with chemistry,1900,170,Chemistry Games for High School - Free Online Learning,10860,game,general chemistry,18,rdap+whois,game/quiz term
chemistrysciencequiz.com,com,chemistry science quiz,1900,210,Chemistry Quiz - Free Online General Chemistry Game,16320,game,general chemistry,20,rdap+whois,game/quiz term
namingpolyatomicions.com,com,naming polyatomic ions,1600,50,Naming Compounds Practice - Ionic & Covalent Naming,40040,guide,chemical formulas/naming,20,rdap+whois,
stoichiometrypractice.com,com,stoichiometry practice,1600,20,Stoichiometry Practice Problems & Step-by-Step Solutions,31080,guide,stoichiometry/moles,21,rdap+whois,
practicestoichiometry.com,com,practice stoichiometry,1600,20,Stoichiometry Practice Problems & Step-by-Step Solutions,31080,guide,stoichiometry/moles,21,rdap+whois,
polyatomicionssheet.com,com,polyatomic ions sheet,1300,40,Chemistry Cheat Sheet - Free Reference Guide & Formulas,131700,guide,general chemistry,19,rdap+whois,
namingcompoundspractice.com,com,naming compounds practice,1300,20,Naming Compounds Practice - Ionic & Covalent Naming,40040,guide,chemical formulas/naming,23,rdap+whois,
lewisstructurepracticeproblems.com,com,lewis structure practice problems,1300,10,Lewis Structure Practice Problems & Drawing Guide,7540,guide,bonding,30,rdap+whois,
orgomeaning.com,com,orgo meaning,880,70,Organic Chemistry Guide - What Is Organic Chemistry?,1250,guide,organic,11,rdap+whois,short label
flashcardschemistry.com,com,flashcards chemistry,880,70,Chemistry Flashcards - Free Online Study Game,6490,game,general chemistry,19,rdap+whois,
chemicalequationsolver.com,com,chemical equation solver,880,70,How to Balance Chemical Equations: Step-by-Step Guide,175350,guide,balancing equations,22,rdap+whois,
practicechemistryproblems.com,com,practice chemistry problems,880,20,Chemistry Practice Problems - Free Exercises & Solutions,7110,guide,general chemistry,25,rdap+whois,
practiceproblemschemistry.com,com,practice problems chemistry,880,20,Chemistry Practice Problems - Free Exercises & Solutions,7110,guide,general chemistry,25,rdap+whois,
chemistrycheatsheet.com,com,chemistry cheat sheet,720,70,(brand-level seed),0,brand,brand,19,rdap+whois,brand-level seed
cheatsheetchemistry.com,com,cheat sheet chemistry,720,70,Chemistry Cheat Sheet - Free Reference Guide & Formulas,131700,guide,general chemistry,19,rdap+whois,
worksheetschemistry.com,com,worksheets chemistry,720,50,Free Chemistry Worksheets - Practice Exercises & Answer Keys,5460,guide,general chemistry,19,rdap+whois,
worksheetsinchemistry.com,com,worksheets in chemistry,720,50,Free Chemistry Worksheets - Practice Exercises & Answer Keys,5460,guide,general chemistry,21,rdap+whois,
worksheetsforchemistry.com,com,worksheets for chemistry,720,50,Free Chemistry Worksheets - Practice Exercises & Answer Keys,5460,guide,general chemistry,22,rdap+whois,
chemistryquizquestions.com,com,chemistry quiz questions,720,20,Chemistry Quiz Questions with Answers - Free Practice,980,guide,general chemistry,22,rdap+whois,game/quiz term
chemistrypracticeproblems.com,com,chemistry practice problems,720,20,Chemistry Practice Problems - Free Exercises & Solutions,7110,guide,general chemistry,25,rdap+whois,
apchemistrycheatsheet.com,com,ap chemistry cheat sheet,590,10,AP Chemistry Cheat Sheet - Formula Sheet & Quick Reference,18100,guide,general chemistry,21,rdap+whois,
polyatomicionsflashcards.com,com,polyatomic ions flashcards,590,20,Polyatomic Ions Flashcards - Free Online Game,590,game,chemical formulas/naming,24,rdap+whois,
organicchemistryflashcards.com,com,organic chemistry flashcards,590,20,Chemistry Flashcards - Free Online Study Game,6490,game,general chemistry,26,rdap+whois,
howmanypolyatomicionsarethere.com,com,how many polyatomic ions are there,590,20,"Polyatomic Ions Guide - List, Chart & Naming Rules",590,guide,chemical formulas/naming,29,rdap+whois,
statesofmattergame.com,com,states of matter game,480,90,States of Matter Game - Free Online Chemistry Game,1400,game,general chemistry,18,rdap+whois,game/quiz term
gcsechemistryflashcards.com,com,gcse chemistry flashcards,480,10,Chemistry Flashcards - Free Online Study Game,6490,game,general chemistry,23,rdap+whois,
chemistryflashcardsgcse.com,com,chemistry flashcards gcse,480,10,Chemistry Flashcards - Free Online Study Game,6490,game,general chemistry,23,rdap+whois,
chemistrygcseflashcards.com,com,chemistry gcse flashcards,480,10,Chemistry Flashcards - Free Online Study Game,6490,game,general chemistry,23,rdap+whois,
bondingchemistryworksheets.com,com,bonding chemistry worksheets,390,10,Bonding Practice Game - Lewis Structures & Chemical Bonds,12840,game,bonding,26,rdap+whois,
organicchemistrycheatsheet.com,com,organic chemistry cheat sheet,390,40,Organic Chemistry Cheat Sheet - Free Reference Guide,1840,guide,organic,26,rdap+whois,
acidsandbasespracticeproblems.com,com,acids and bases practice problems,390,10,Acids and Bases Practice Problems & Solutions Guide,2400,guide,acids & bases,29,rdap+whois,
balancingchemicalequationsgame.com,com,balancing chemical equations game,390,40,Balancing Chemical Equations Game - Free Online Practice,152360,game,balancing equations,30,rdap+whois,game/quiz term
orgoclass.com,com,orgo class,320,10,Organic Chemistry Guide - What Is Organic Chemistry?,1250,guide,organic,9,rdap+whois,short label
titrationsimulation.com,com,titration simulation,320,40,Acids and Bases Game - Titration Simulation Online,320,game,acids & bases,19,rdap+whois,
periodictableworksheetpdf.com,com,periodic table worksheet pdf,320,10,Periodic Table Worksheet - Free PDF Printables,380,guide,periodic table,25,rdap+whois,
chemistrygamesapp.com,com,chemistry games app,260,10,Chemistry Games for High School - Free Online Learning,10860,game,general chemistry,17,rdap+whois,game/quiz term
apchemistryworksheets.com,com,ap chemistry worksheets,210,10,Free Chemistry Worksheets - Practice Exercises & Answer Keys,5460,guide,general chemistry,21,rdap+whois,
labtypesofchemicalreactions.com,com,lab types of chemical reactions,210,10,Types of Chemical Reactions Practice Problems & Quiz,1530,guide,reaction types,27,rdap+whois,
chemistrybondsquiz.com,com,chemistry bonds quiz,170,10,Bonding Practice Game - Lewis Structures & Chemical Bonds,12840,game,bonding,18,rdap+whois,game/quiz term
chemistrystudytips.com,com,chemistry study tips,170,10,Chemistry Study Tips: How to Study Chemistry & Succeed,12570,blog,general chemistry,18,rdap+whois,
chemistrybondingquiz.com,com,chemistry bonding quiz,170,10,Bonding Practice Game - Lewis Structures & Chemical Bonds,12840,game,bonding,20,rdap+whois,game/quiz term
chemistrygamesonline.com,com,chemistry games online,170,20,Chemistry Games for High School - Free Online Learning,10860,game,general chemistry,20,rdap+whois,game/quiz term
organicchemistryquiz.com,com,organic chemistry quiz,170,40,Organic Chemistry Quiz - Functional Groups Game,3990,game,organic,20,rdap+whois,game/quiz term
quizorganicchemistry.com,com,quiz organic chemistry,170,40,Organic Chemistry Quiz - Functional Groups Game,3990,game,organic,20,rdap+whois,game/quiz term
organicchemistrygames.com,com,organic chemistry games,170,10,Organic Chemistry Games Online - Naming & Learning,40,game,organic,21,rdap+whois,game/quiz term
chemistryacidsandbasesquiz.com,com,chemistry acids and bases quiz,170,20,Acids and Bases Quiz - Free Chemistry Quiz Game,340,game,acids & bases,26,rdap+whois,game/quiz term
organicchemistryworksheets.com,com,organic chemistry worksheets,170,30,Organic Chemistry Worksheets - Free PDF Printables,170,guide,organic,26,rdap+whois,
organometallicchemistryquiz.com,com,organometallic chemistry quiz,170,40,Organic Chemistry Quiz - Functional Groups Game,3990,game,organic,27,rdap+whois,game/quiz term
chemistryreactionquiz.com,com,chemistry reaction quiz,140,20,Chemical Reactions Quiz - Free Online Game,280,game,reaction types,21,rdap+whois,game/quiz term
chemistryreactionsquiz.com,com,chemistry reactions quiz,140,20,Chemical Reactions Quiz - Free Online Game,280,game,reaction types,22,rdap+whois,game/quiz term
basicchemistryquiz.com,com,basic chemistry quiz,110,10,Chemistry Basics Quiz - Test Your Knowledge Free,440,game,general chemistry,18,rdap+whois,game/quiz term
chemistrybasicquiz.com,com,chemistry basic quiz,110,10,Chemistry Basics Quiz - Test Your Knowledge Free,440,game,general chemistry,18,rdap+whois,game/quiz term
chemistrybasicsquiz.com,com,chemistry basics quiz,110,10,Chemistry Basics Quiz - Test Your Knowledge Free,440,game,general chemistry,19,rdap+whois,game/quiz term
basicsofchemistryquiz.com,com,basics of chemistry quiz,110,10,Chemistry Basics Quiz - Test Your Knowledge Free,440,game,general chemistry,21,rdap+whois,game/quiz term
labequipmentchemistryquiz.com,com,lab equipment chemistry quiz,110,10,Lab Equipment Quiz - Free Chemistry Quiz Game,560,game,lab safety,25,rdap+whois,game/quiz term
nuclearchemistryworksheets.com,com,nuclear chemistry worksheets,110,10,Chemistry Practice Worksheets - Nuclear & More,110,guide,atomic structure,26,rdap+whois,
chemistryreactiongames.com,com,chemistry reaction games,90,10,Types of Chemical Reactions Practice Problems & Quiz,1530,guide,reaction types,22,rdap+whois,game/quiz term
chemistrylabsafetyquiz.com,com,chemistry lab safety quiz,90,0,Lab Safety Quiz - Free Online Chemistry Lab Safety Game,620,game,lab safety,22,rdap+whois,game/quiz term
acidbasetitrationsimulation.com,com,acid-base titration simulation,90,10,Acids and Bases Game - Acid-Base Titration Online,160,game,acids & bases,27,rdap+whois,
apchemistryperiodictablepdf.com,com,ap chemistry periodic table pdf,90,0,Periodic Table Reference - Free PDF Download,90,guide,periodic table,27,rdap+whois,
conversionworksheetschemistry.com,com,conversion worksheets chemistry,90,10,Chemistry Conversion Practice - Worksheets & Problems,200,guide,stoichiometry/moles,29,rdap+whois,
chemistryconversionworksheets.com,com,chemistry conversion worksheets,90,10,Chemistry Conversion Practice - Worksheets & Problems,200,guide,stoichiometry/moles,29,rdap+whois,
chemistryreviewgames.com,com,chemistry review games,70,10,Fun Chemistry Review Games for the Classroom,70,blog,general chemistry,20,rdap+whois,game/quiz term
sciencesimulationonline.com,com,science simulation online,70,10,Science Simulation Online - Free Chemistry Labs,70,game,general chemistry,23,rdap+whois,
basicchemistryworksheets.com,com,basic chemistry worksheets,70,10,Free Chemistry Worksheets - Practice Exercises & Answer Keys,5460,guide,general chemistry,24,rdap+whois,
titrationcurvesimulation.com,com,titration curve simulation,70,10,Acids & Bases Game - Titration Curve Simulation,70,game,acids & bases,24,rdap+whois,
buildamoleculegame.com,com,build a molecule game,50,10,Molecule Builder Game - Build Molecules Free,150,game,bonding,18,rdap+whois,game/quiz term
chemistryquizonline.com,com,chemistry quiz online,50,10,Chemistry Quiz Online - Free Interactive Games,250,game,general chemistry,19,rdap+whois,game/quiz term
binarycompoundslist.com,com,binary compounds list,50,10,"Naming Compounds Guide - Ionic, Covalent & More",160,guide,chemical formulas/naming,19,rdap+whois,
moleculebuildergame.com,com,molecule builder game,50,10,Molecule Builder Game - Build Molecules Free,150,game,bonding,19,rdap+whois,game/quiz term
moleculebuildinggame.com,com,molecule building game,50,10,Molecule Building Game - Build & Explore Chemistry,20,game,bonding,20,rdap+whois,game/quiz term
orgoorochem.com,com,orgo or ochem,40,10,Organic Chemistry Naming Quiz - Free Nomenclature Game,100,game,organic,11,rdap+whois,short label
chemistrytoolsquiz.com,com,chemistry tools quiz,40,10,Lab Equipment Quiz - Free Chemistry Quiz Game,560,game,lab safety,18,rdap+whois,game/quiz term
generalchemistryquiz.com,com,general chemistry quiz,40,10,General Chemistry Quiz - Free Practice with Answers,60,guide,general chemistry,20,rdap+whois,game/quiz term
chemistrybondinggames.com,com,chemistry bonding games,40,10,Chemistry Bonding Game - Free Online Practice,40,game,bonding,21,rdap+whois,game/quiz term
chemistryapparatusquiz.com,com,chemistry apparatus quiz,40,10,Lab Equipment Quiz - Free Chemistry Quiz Game,560,game,lab safety,22,rdap+whois,game/quiz term
chemistryequipmentquiz.com,com,chemistry equipment quiz,40,10,Lab Equipment Quiz - Free Chemistry Quiz Game,560,game,lab safety,22,rdap+whois,game/quiz term
solutionschemistryworksheets.com,com,solutions chemistry worksheets,40,10,Solutions Chemistry Worksheets - Free PDF Printables,80,guide,general chemistry,28,rdap+whois,
chemistrysolutionsworksheets.com,com,chemistry solutions worksheets,40,10,Solutions Chemistry Worksheets - Free PDF Printables,80,guide,general chemistry,28,rdap+whois,
chemistryfunctionalgroupsquiz.com,com,chemistry functional groups quiz,40,10,Functional Groups Quiz - Free Organic Chemistry Game,80,game,organic,29,rdap+whois,game/quiz term
acidbasegame.com,com,acid base game,30,10,Acids and Bases Game - Acid-Base Titration Online,160,game,acids & bases,12,rdap+whois,short label; game/quiz term
chemistryquizgames.com,com,chemistry quiz games,30,10,Chemistry Quiz Games - Free Interactive Online,180,game,general chemistry,18,rdap+whois,game/quiz term
equilibriumchemistryquiz.com,com,equilibrium chemistry quiz,30,10,Chemistry Quiz Games - Free Interactive Online,180,game,general chemistry,24,rdap+whois,game/quiz term
chemistryequilibriumquiz.com,com,chemistry equilibrium quiz,30,10,Chemistry Quiz Games - Free Interactive Online,180,game,general chemistry,24,rdap+whois,game/quiz term
internationalchemistryquiz.com,com,international chemistry quiz,30,260,Chemistry Quiz Games - Free Interactive Online,180,game,general chemistry,26,rdap+whois,game/quiz term
organicchemistrynamingquiz.com,com,organic chemistry naming quiz,30,10,Organic Chemistry Naming Quiz - Free Nomenclature Game,100,game,organic,26,rdap+whois,game/quiz term
periodictablefunactivities.com,com,periodic table fun activities,30,10,Periodic Table Fun Activities & Games for Students,30,blog,periodic table,26,rdap+whois,
chemistrypracticeworksheets.com,com,chemistry practice worksheets,30,10,Chemistry Practice Worksheets - Nuclear & More,110,guide,atomic structure,27,rdap+whois,
chemistryfinalexamcheatsheet.com,com,chemistry final exam cheat sheet,30,10,Chemistry Cheat Sheet - Free PDF Download,180,guide,general chemistry,28,rdap+whois,
mcatorganicchemistrycheatsheet.com,com,mcat organic chemistry cheat sheet,30,10,Organic Chemistry Cheat Sheet - Free PDF Reagents,120,guide,organic,30,rdap+whois,
chemistryionquiz.com,com,chemistry ion quiz,20,10,Ions Quiz - Free Online Chemistry Game,50,game,chemical formulas/naming,16,rdap+whois,game/quiz term
molechemistryquiz.com,com,mole chemistry quiz,20,10,Moles Quiz - Free Online Chemistry Practice Game,100,game,stoichiometry/moles,17,rdap+whois,game/quiz term
molequizchemistry.com,com,mole quiz chemistry,20,10,Moles Quiz - Free Online Chemistry Practice Game,100,game,stoichiometry/moles,17,rdap+whois,game/quiz term
chemistryionsquiz.com,com,chemistry ions quiz,20,10,Ions Quiz - Free Online Chemistry Game,50,game,chemical formulas/naming,17,rdap+whois,game/quiz term
moleculemakergame.com,com,molecule maker game,20,10,Molecule Building Game - Build & Explore Chemistry,20,game,bonding,17,rdap+whois,game/quiz term
molesquizchemistry.com,com,moles quiz chemistry,20,10,Moles Quiz - Free Online Chemistry Practice Game,100,game,stoichiometry/moles,18,rdap+whois,game/quiz term
chemistrymolesquiz.com,com,chemistry moles quiz,20,10,Moles Quiz - Free Online Chemistry Practice Game,100,game,stoichiometry/moles,18,rdap+whois,game/quiz term
chemistryquizmoles.com,com,chemistry quiz moles,20,10,Moles Quiz - Free Online Chemistry Practice Game,100,game,stoichiometry/moles,18,rdap+whois,game/quiz term
polyatomicionsnotes.com,com,polyatomic ions notes,20,10,Polyatomic Ions Cheat Sheet - List & Memorization Tips,29080,guide,chemical formulas/naming,19,rdap+whois,
atomicchemistryquiz.com,com,atomic chemistry quiz,20,10,Atomic Structure Quiz - Free Chemistry Game,140,game,atomic structure,19,rdap+whois,game/quiz term
chemistrymatterquiz.com,com,chemistry matter quiz,20,0,Matter Quiz - Free Online Chemistry Game,60,game,general chemistry,19,rdap+whois,game/quiz term
matterchemistryquiz.com,com,matter chemistry quiz,20,0,Matter Quiz - Free Online Chemistry Game,60,game,general chemistry,19,rdap+whois,game/quiz term
chemistryquizonatoms.com,com,chemistry quiz on atoms,20,10,Atomic Structure Quiz - Free Chemistry Game,140,game,atomic structure,20,rdap+whois,game/quiz term
solutionquizchemistry.com,com,solution quiz chemistry,20,0,Solutions Quiz - Free Online Chemistry Practice Game,100,game,general chemistry,21,rdap+whois,game/quiz term
chemistrysolutionquiz.com,com,chemistry solution quiz,20,0,Solutions Quiz - Free Online Chemistry Practice Game,100,game,general chemistry,21,rdap+whois,game/quiz term
solutionchemistryquiz.com,com,solution chemistry quiz,20,0,Solutions Chemistry Quiz - Free Online Game,40,game,stoichiometry/moles,21,rdap+whois,game/quiz term
titrationlabsimulation.com,com,titration lab simulation,20,10,Acid-Base Titration Simulation - Free Virtual Lab,200,game,acids & bases,22,rdap+whois,
titrationsimulationlab.com,com,titration simulation lab,20,10,Acid-Base Titration Simulation - Free Virtual Lab,200,game,acids & bases,22,rdap+whois,
chemistryquizsolutions.com,com,chemistry quiz solutions,20,0,Solutions Quiz - Free Online Chemistry Practice Game,100,game,general chemistry,22,rdap+whois,game/quiz term
chemistrysolutionsquiz.com,com,chemistry solutions quiz,20,0,Solutions Quiz - Free Online Chemistry Practice Game,100,game,general chemistry,22,rdap+whois,game/quiz term
solutionsquizchemistry.com,com,solutions quiz chemistry,20,0,Solutions Quiz - Free Online Chemistry Practice Game,100,game,general chemistry,22,rdap+whois,game/quiz term
solutionschemistryquiz.com,com,solutions chemistry quiz,20,0,Solutions Chemistry Quiz - Free Online Game,40,game,stoichiometry/moles,22,rdap+whois,game/quiz term
onlinetitrationsimulation.com,com,online titration simulation,20,10,Acid-Base Titration Simulation - Free Virtual Lab,200,game,acids & bases,25,rdap+whois,
titrationsimulationonline.com,com,titration simulation online,20,10,Acid-Base Titration Simulation - Free Virtual Lab,200,game,acids & bases,25,rdap+whois,
titrationonlinesimulation.com,com,titration online simulation,20,10,Acid-Base Titration Simulation - Free Virtual Lab,200,game,acids & bases,25,rdap+whois,
chemistryfordummiesyoutube.com,com,chemistry for dummies youtube,20,10,General Chemistry Guide - Everything Beginners Need,60,guide,general chemistry,26,rdap+whois,
bestchemistrygames.com,com,best chemistry games,10,10,Best Chemistry Games - Our Top Picks,20,blog,general chemistry,18,rdap+whois,game/quiz term
googlechemistryquiz.com,com,google chemistry quiz,10,10,Chemistry Quizzes - Free Online Chemistry Games,250,game,general chemistry,19,rdap+whois,game/quiz term
chemistrygamesideas.com,com,chemistry games ideas,10,10,Chemistry Games Ideas - Printable Classroom Activities,50,blog,general chemistry,19,rdap+whois,game/quiz term
basicchemistrygames.com,com,basic chemistry games,10,10,Simple Chemistry Games - Free for Beginners & Kids,40,game,general chemistry,19,rdap+whois,game/quiz term
simplechemistrygames.com,com,simple chemistry games,10,10,Simple Chemistry Games - Free for Beginners & Kids,40,game,general chemistry,20,rdap+whois,game/quiz term
chemistrygamesreddit.com,com,chemistry games reddit,10,10,Best Chemistry Games - Our Top Picks,20,blog,general chemistry,20,rdap+whois,game/quiz term
irquizorganicchemistry.com,com,ir quiz organic chemistry,10,0,Organic Chemistry Quiz - Functional Groups & More,40,game,organic,22,rdap+whois,game/quiz term
periodictablegameideas.com,com,periodic table game ideas,10,10,Periodic Table Game Ideas for the Classroom,40,blog,periodic table,22,rdap+whois,game/quiz term
apchemistryreviewgames.com,com,ap chemistry review games,10,0,Chemistry Review Games Online - Free for Finals,30,game,general chemistry,22,rdap+whois,game/quiz term
chemistryquizonlinefree.com,com,chemistry quiz online free,10,10,Chemistry Quiz Online - Free Interactive Games,250,game,general chemistry,23,rdap+whois,game/quiz term
chemistryclassroomgames.com,com,chemistry classroom games,10,10,Fun Chemistry Review Games for the Classroom,70,blog,general chemistry,23,rdap+whois,game/quiz term
classroomchemistrygames.com,com,classroom chemistry games,10,10,Fun Chemistry Review Games for the Classroom,70,blog,general chemistry,23,rdap+whois,game/quiz term
chemistrygamesprintable.com,com,chemistry games printable,10,10,Chemistry Games Ideas - Printable Classroom Activities,50,blog,general chemistry,23,rdap+whois,game/quiz term
printablechemistrygames.com,com,printable chemistry games,10,10,Chemistry Games Ideas - Printable Classroom Activities,50,blog,general chemistry,23,rdap+whois,game/quiz term
makechemistryflashcards.com,com,make chemistry flashcards,10,0,How to Make Chemistry Flashcards - Study Guide,30,guide,organic,23,rdap+whois,
periodictableprojectpdf.com,com,periodic table project pdf,10,10,Periodic Table Project Ideas - PDF & 3D Projects,20,blog,periodic table,23,rdap+whois,
chemistryappsforstudents.com,com,chemistry apps for students,10,10,Best Chemistry Apps for Students,10,blog,general chemistry,24,rdap+whois,
chemistrycornerworksheets.com,com,chemistry corner worksheets,10,10,Chemistry Worksheets with Answers - Free PDF,130,guide,general chemistry,25,rdap+whois,
chemistryhydrocarbonsquiz.com,com,chemistry hydrocarbons quiz,10,10,Organic Chemistry Quiz - Functional Groups & More,40,game,organic,25,rdap+whois,game/quiz term
namingorganiccompoundsgame.com,com,naming organic compounds game,10,10,Naming Organic Compounds Game - Free Practice,10,game,organic,26,rdap+whois,game/quiz term
chemistryactivityworksheets.com,com,chemistry activity worksheets,10,0,Chemistry Worksheets with Answers - Free PDF,130,guide,general chemistry,27,rdap+whois,
creativechemistryboardgames.com,com,creative chemistry board games,10,0,Chemistry Games Ideas - Printable Classroom Activities,50,blog,general chemistry,27,rdap+whois,game/quiz term
onlinesciencelabsimulations.com,com,online science lab simulations,10,10,Virtual Chemistry Lab - Free Online Simulations,30,game,lab safety,27,rdap+whois,
chemistryreviewgamesjeopardy.com,com,chemistry review games jeopardy,10,0,Fun Chemistry Review Games for the Classroom,70,blog,general chemistry,28,rdap+whois,game/quiz term
titrationexperimentsimulation.com,com,titration experiment simulation,10,10,Acid-Base Titration Simulation - Free Virtual Lab,200,game,acids & bases,29,rdap+whois,
organicchemistrylearninggames.com,com,organic chemistry learning games,10,0,Organic Chemistry Games Online - Naming & Learning,40,game,organic,29,rdap+whois,game/quiz term
periodictrendsquizwithanswers.com,com,periodic trends quiz with answers,10,0,Periodic Trends Quiz - Free Chemistry Game,10,game,periodic table,29,rdap+whois,game/quiz term
practiceproblemsmoleconversion.com,com,practice problems mole conversion,10,10,Mole Conversion Practice - Worksheet & Answers,160,guide,stoichiometry/moles,30,rdap+whois,
chemistryworksheetswithanswers.com,com,chemistry worksheets with answers,10,10,Chemistry Worksheets with Answers - Free PDF,130,guide,general chemistry,30,rdap+whois,
ionsquiz.com,com,ions quiz,0,0,Ions Quiz - Free Online Chemistry Game,50,game,chemical formulas/naming,8,rdap+whois,short label; game/quiz term
molesquiz.com,com,moles quiz,0,0,Moles Quiz - Free Online Chemistry Practice Game,100,game,stoichiometry/moles,9,rdap+whois,short label; game/quiz term
matterquiz.com,com,matter quiz,0,0,Matter Quiz - Free Online Chemistry Game,60,game,general chemistry,10,rdap+whois,short label; game/quiz term
bondingguide.com,com,bonding guide,0,0,"Chemical Bonding Guide - Covalent, Ionic & More",260,guide,bonding,12,rdap+whois,short label
labsafetyquiz.com,com,lab safety quiz,0,0,Lab Safety Quiz - Free Online Chemistry Lab Safety Game,620,game,lab safety,13,rdap+whois,short label; game/quiz term
solutionsquiz.com,com,solutions quiz,0,0,Solutions Quiz - Free Online Chemistry Practice Game,100,game,general chemistry,13,rdap+whois,short label; game/quiz term
acidsbasesgame.com,com,acids bases game,0,0,Acids & Bases Game - Titration Curve Simulation,70,game,acids & bases,14,rdap+whois,short label; game/quiz term
bondingpractice.com,com,bonding practice,0,0,Bonding Practice Game - Lewis Structures & Chemical Bonds,12840,game,bonding,15,rdap+whois,
gaslawspractice.com,com,gas laws practice,0,0,Gas Laws Practice Problems - Free Chemistry Game,40,game,general chemistry,15,rdap+whois,
acidbasepractice.com,com,acid base practice,0,0,Acids and Bases Practice Problems & Solutions Guide,2400,guide,acids & bases,16,rdap+whois,
labequipmentquiz.com,com,lab equipment quiz,0,0,Lab Equipment Quiz - Free Chemistry Quiz Game,560,game,lab safety,16,rdap+whois,game/quiz term
halflifepractice.com,com,half life practice,0,0,Half-Life Chemistry Practice Problems - Free Game,40,game,general chemistry,16,rdap+whois,
acidsandbasesquiz.com,com,acids and bases quiz,0,0,Acids and Bases Quiz - Free Chemistry Quiz Game,340,game,acids & bases,17,rdap+whois,game/quiz term
acidsandbasesgame.com,com,acids and bases game,0,0,Acids and Bases Game - Titration Simulation Online,320,game,acids & bases,17,rdap+whois,game/quiz term
reactiontypesgame.com,com,reaction types game,0,0,Types of Chemical Reactions Game - Virtual Lab,260,game,reaction types,17,rdap+whois,game/quiz term
organiccheatsheet.com,com,organic cheat sheet,0,0,Organic Chemistry Cheat Sheet - Free PDF Reagents,120,guide,organic,17,rdap+whois,
bondingcheatsheet.com,com,bonding cheat sheet,0,0,Chemical Bonding Cheat Sheet - Ionic & Covalent Guide,50,guide,bonding,17,rdap+whois,
periodictrendsquiz.com,com,periodic trends quiz,0,0,Periodic Trends Quiz - Free Chemistry Game,10,game,periodic table,18,rdap+whois,game/quiz term
polyatomicionsguide.com,com,polyatomic ions guide,0,0,"Polyatomic Ions Guide - List, Chart & Naming Rules",590,guide,chemical formulas/naming,19,rdap+whois,
apchemistrypractice.com,com,ap chemistry practice,0,0,AP Chemistry Practice Problems - By Unit & Topic,270,guide,general chemistry,19,rdap+whois,
atomicstructurequiz.com,com,atomic structure quiz,0,0,Atomic Structure Quiz - Free Chemistry Game,140,game,atomic structure,19,rdap+whois,game/quiz term
solutionsworksheets.com,com,solutions worksheets,0,0,Solutions Chemistry Worksheets - Free PDF Printables,80,guide,general chemistry,19,rdap+whois,
virtualchemistrylab.com,com,virtual chemistry lab,0,0,Virtual Chemistry Lab - Free Online Simulations,30,game,lab safety,19,rdap+whois,
whatischemistryguide.com,com,what is chemistry guide,0,0,What Is Chemistry? - A Simple Guide for Students,18100,guide,general chemistry,20,rdap+whois,
namingcompoundsguide.com,com,naming compounds guide,0,0,"Naming Compounds Guide - Ionic, Covalent & More",160,guide,chemical formulas/naming,20,rdap+whois,
functionalgroupsquiz.com,com,functional groups quiz,0,0,Functional Groups Quiz - Free Organic Chemistry Game,80,game,organic,20,rdap+whois,game/quiz term
acidsbasescheatsheet.com,com,acids bases cheat sheet,0,0,Acids & Bases Cheat Sheet - Quick Reference Guide,30,guide,acids & bases,20,rdap+whois,
reactiontypespractice.com,com,reaction types practice,0,0,Chemical Reaction Types Practice - Worksheets & Problems,290,guide,reaction types,21,rdap+whois,
chemicalreactionsquiz.com,com,chemical reactions quiz,0,0,Chemical Reactions Quiz - Free Online Game,280,game,reaction types,21,rdap+whois,game/quiz term
periodictablepractice.com,com,periodic table practice,0,0,Periodic Table Practice - Test Questions & Answers,70,guide,periodic table,21,rdap+whois,
generalchemistryguide.com,com,general chemistry guide,0,0,General Chemistry Guide - Everything Beginners Need,60,guide,general chemistry,21,rdap+whois,
chemistryappsstudents.com,com,chemistry apps students,0,0,Best Chemistry Apps for Students,10,blog,general chemistry,21,rdap+whois,
periodictableworksheet.com,com,periodic table worksheet,0,0,Periodic Table Worksheet - Free PDF Printables,380,guide,periodic table,22,rdap+whois,
moleconversionpractice.com,com,mole conversion practice,0,0,Mole Conversion Practice - Worksheet & Answers,160,guide,stoichiometry/moles,22,rdap+whois,
periodictablereference.com,com,periodic table reference,0,0,Periodic Table Reference - Free PDF Download,90,guide,periodic table,22,rdap+whois,
namingorganiccompounds.com,com,naming organic compounds,0,0,Naming Organic Compounds Game - Free Practice,10,game,organic,22,rdap+whois,
organicnomenclaturequiz.com,com,organic nomenclature quiz,0,0,Organic Nomenclature Quiz - IUPAC Naming Game,120,game,organic,23,rdap+whois,game/quiz term
unitconversionspractice.com,com,unit conversions practice,0,0,Unit Conversions Practice - Chemistry Quiz Game,120,game,general chemistry,23,rdap+whois,
periodictablecheatsheet.com,com,periodic table cheat sheet,0,0,Periodic Table Cheat Sheet - First 20 Elements Guide,110,guide,periodic table,23,rdap+whois,
stoichiometrycheatsheet.com,com,stoichiometry cheat sheet,0,0,Stoichiometry Cheat Sheet - Conversion Chart Guide,40,guide,stoichiometry/moles,23,rdap+whois,
chemistrygamesbeginners.com,com,chemistry games beginners,0,0,Simple Chemistry Games - Free for Beginners & Kids,40,game,general chemistry,23,rdap+whois,game/quiz term
organicchemistryquizzes.com,com,organic chemistry quizzes,0,0,Organic Chemistry Quiz - Functional Groups & More,40,game,organic,23,rdap+whois,game/quiz term
polyatomicionscheatsheet.com,com,polyatomic ions cheat sheet,0,0,Polyatomic Ions Cheat Sheet - List & Memorization Tips,29080,guide,chemical formulas/naming,24,rdap+whois,
organicchemistrypractice.com,com,organic chemistry practice,0,0,Organic Chemistry Practice Problems & Exercises,6140,guide,organic,24,rdap+whois,
chemicalformulaspractice.com,com,chemical formulas practice,0,0,Writing Chemical Formulas Practice - Free Game,270,game,chemical formulas/naming,24,rdap+whois,
generalchemistrypractice.com,com,general chemistry practice,0,0,General Chemistry Practice Problems - Free Game,170,game,general chemistry,24,rdap+whois,
namingacidsbasespractice.com,com,naming acids bases practice,0,0,Naming Acids & Bases Practice Worksheet - Free,10,guide,acids & bases,24,rdap+whois,
periodictableprojectideas.com,com,periodic table project ideas,0,0,Periodic Table Project Ideas for Students,210,blog,periodic table,25,rdap+whois,
functionalgroupsflashcards.com,com,functional groups flashcards,0,0,Functional Group Flashcards - Organic Chemistry Game,420,game,organic,26,rdap+whois,
periodictablegamesstudents.com,com,periodic table games students,0,0,Periodic Table Fun Activities & Games for Students,30,blog,periodic table,26,rdap+whois,game/quiz term
typeschemicalreactionsquiz.com,com,types chemical reactions quiz,0,0,Types of Chemical Reactions Quiz - Free Game,20,game,reaction types,26,rdap+whois,game/quiz term
chemistrygamesforhighschool.com,com,chemistry games for high school,0,0,Chemistry Games for High School - Free Online Learning,10860,game,general chemistry,27,rdap+whois,game/quiz term
chemistryconversionpractice.com,com,chemistry conversion practice,0,0,Chemistry Conversion Practice - Worksheets & Problems,200,guide,stoichiometry/moles,27,rdap+whois,
resonancestructurespractice.com,com,resonance structures practice,0,0,Resonance Structures Practice Problems - Organic Chem,200,guide,organic,27,rdap+whois,
organicnomenclaturepractice.com,com,organic nomenclature practice,0,0,Organic Nomenclature Practice - IUPAC Problems,120,game,organic,27,rdap+whois,
chemistryconversionspractice.com,com,chemistry conversions practice,0,0,Chemistry Conversions & Unit Conversion Practice,4240,game,general chemistry,28,rdap+whois,
typesofchemicalreactionsgame.com,com,types of chemical reactions game,0,0,Types of Chemical Reactions Game - Free Online,140,game,reaction types,28,rdap+whois,game/quiz term
typesofchemicalreactionsguide.com,com,types of chemical reactions guide,0,0,Types of Chemical Reactions Guide & Examples,78650,guide,reaction types,29,rdap+whois,
organicchemistryflashcardgame.com,com,organic chemistry flashcard game,0,0,Organic Chemistry Flashcards - Reactions Game,450,game,organic,29,rdap+whois,game/quiz term
physicalandchemicalchangesquiz.com,com,physical and chemical changes quiz,0,0,Physical & Chemical Changes Quiz - Free Game,210,game,reaction types,30,rdap+whois,game/quiz term
thermodynamicspracticeproblems.com,com,thermodynamics practice problems,0,0,Thermodynamics Practice Problems - Chemistry Game,120,game,general chemistry,30,rdap+whois,
