live_path,map_slug,page_type,priority_tier,primary_keyword,primary_volume_us,primary_volume_au,supporting_keywords,current_title,recommended_title,current_meta,recommended_meta,current_h1,recommended_h1,h2_outline,faq_questions,internal_links_to_add,schema_types,serp_format_measured,ai_overview_present,featured_snippet_present,content_gaps,notes
/,(no map row),homepage,P1,online chemistry games,170,20,chemistry games | free chemistry games | interactive chemistry games | chemistry learning games | chemistry games for students | chemistry games for high school | fun chemistry games,ChemGames | Interactive Chemistry Learning,ChemGames: Free Online Chemistry Games for Students,"Master chemistry concepts through fun, visual, and interactive mini-games and reference guides.","Free online chemistry games: sort acids and bases, blast formulas, balance equations and climb the leaderboard. Made for high-school chemistry.",Learn chemistry by playing.,Free Online Chemistry Games — Learn Chemistry by Playing,"Interactive chemistry mini-games (4 cards: Acid or Base?, Formula Blaster, Neutralise!, Reaction Balancer) | Chemistry cheat sheets for Year 9–10 / high school | How ChemGames works (play, score, leaderboard — ~150 words) | Who ChemGames is for (students, teachers, revision) | Leaderboards | FAQ",Are ChemGames chemistry games free to play? | What chemistry topics do the games cover? | Do I need an account to play? | What grade or year level are the games for?,/games/reaction-balancer | /cheat-sheets/acids-and-bases | /cheat-sheets/balancing-equations | /cheat-sheets/chemical-formulas | /cheat-sheets/reaction-types | /cheat-sheets/chemical-bonds | /cheat-sheets/states-of-matter,WebSite + Organization; ItemList of VideoGame; FAQPage,"portal/list of game sites (cached 03: interactivechemistry.org, scichamp, littlealchemy, helpfulgames)",true,false,"Only 1,250 SSR chars, dominated by Profile/Leaderboards H2s; no text saying what the games teach; Reaction Balancer missing from featured cards; leaderboard tab for dead 'Bond Builder'; no og:/twitter: tags. Add ~250 words + FAQ block.",Map has no homepage row; /games hub owns the head term 'chemistry games' (1900/170) so the homepage takes the brand + 'online chemistry games' variant to avoid home-vs-hub cannibalisation. SERP skipped (exact keyword cached in 03_serp_results.json).
/games,/games,pillar_hub,P1,chemistry games,1900,170,chemistry games online | fun chemistry games | chemistry games for high school | chemistry quiz game | chemistry review games | chemistry reaction games | chemistry games balancing equations | chemistry games app,ChemGames | Interactive Chemistry Learning,Free Online Chemistry Games for High School | ChemGames,"Master chemistry concepts through fun, visual, and interactive mini-games and reference guides.","Four free chemistry games: an acids and bases quiz, a formula blaster, a neutralisation defender and an equation balancer. No download, instant play.",Games,Free Online Chemistry Games,"Acid or Base? — acids and bases quiz game (80-word blurb + what you learn) | Formula Blaster — naming compounds quiz game | Neutralise! — acid-base neutralization game | Reaction Balancer — balancing chemical equations practice game | Chemistry games by topic (acids & bases, formulas, equations, reactions) with links to the matching cheat sheet | Chemistry games for the classroom (teacher blurb: no login, 5-minute rounds, leaderboard) | FAQ",What are good chemistry games for high school students? | Are these chemistry games free? | Which chemistry game helps with balancing equations? | Can I play chemistry games online without downloading anything?,/cheat-sheets | /cheat-sheets/acids-and-bases | /cheat-sheets/balancing-equations | /cheat-sheets/chemical-formulas | /cheat-sheets/reaction-types,CollectionPage + ItemList (VideoGame items); BreadcrumbList; FAQPage,"portal/list, mixed (cached 03: interactivechemistry.org, reddit, teachchemistry.org, scichamp, amazon, sciencetrek); PAA present",false,false,582 SSR chars; 5 cards with one-liners only; links to 404 /games/chemical-bonds — remove the card until the route ships. Each game needs an H2 + 60–100 words; add topic grouping and FAQ.,Map row says 'not a keyword target' but the SERP is a low-KD (kd 2) list of game portals — a hub with real descriptions can rank. Planned /games/chemistry-games-for-high-school (P2) also targets 'chemistry games': retarget it to 'chemistry games for high school' only. SERP skipped (cached).
/games/acid-classification,/games/acids-and-bases-quiz,game,P1,acids and bases quiz,170,20,acid or base quiz | acid base quiz | strong acids and bases quiz | identifying acids and bases quiz | acid base game | acid and base ph scale | which one of the following is a weak acid | acids and bases practice,ChemGames | Interactive Chemistry Learning,"Acids and Bases Quiz: Acid, Base or Neutral? | ChemGames","Master chemistry concepts through fun, visual, and interactive mini-games and reference guides.","Free acids and bases quiz game: sort 35 real compounds (HCl, NaOH, NaCl) into acid, base or neutral before you lose 3 lives. Hints and a leaderboard.","Acid, Base or Neutral?","Acids and Bases Quiz: Acid, Base or Neutral?","How to play (3 lives, hint lightbulb, levels) | What this acids and bases quiz covers (strong/weak acids, bases, neutral salts, pH) | Strong acids and bases to memorise (table of the 7 strong acids + strong bases from the compound library) | How to tell if a compound is an acid or a base (~300 words: H⁺ donors, OH⁻ releasers, salts) | Acid and base pH scale (mini chart 0–14) | Compounds in this quiz (35 names + formulas) | Keep learning (Acids & Bases cheat sheet, Neutralise!) | FAQ","Which one of the following is a weak acid: HF, HCl, HBr or HNO3? | Is NaCl an acid, a base or neutral? | What are the 7 strong acids? | How do you know if something is an acid or a base? | Is NH3 an acid or a base?",/cheat-sheets/acids-and-bases | /games/neutralise | /games | /leaderboards,VideoGame (+ LearningResource); BreadcrumbList; FAQPage,"quiz-platform: 9/9 organic are quizzes (chemistry.coach, quizlet, chemquiz, khanacademy practice, sporcle, wayground)",true,false,"124 SSR chars; no explainer, no compound list, hint text only in JS. Format already matches the SERP (all quizzes) — the missing piece is crawlable text: rules, compound table, strong/weak lists, FAQ.","Map primary 'which one of the following is a weak acid' (90,500) is a homework/Q&A query (quizlet + askfilo SERP, AIO) that a game page cannot honestly satisfy — demoted to an FAQ entry. 'acids and bases quiz' (170/20, kd 0) matches the page exactly."
/games/formula-blaster,/games/chemical-formulas-practice,game,P1,naming compounds quiz,210,10,chemical formula quiz | chemistry naming practice | naming chemical compounds quiz | naming ionic compounds quiz | compounds game | chemical formula practice quiz | naming compounds practice,ChemGames | Interactive Chemistry Learning,Naming Compounds Quiz Game: Formula Blaster | ChemGames,"Master chemistry concepts through fun, visual, and interactive mini-games and reference guides.","A 45-second naming compounds quiz: match chemical names to formulas and pop the right bubbles. 35 acids, bases and salts over 5 levels. Free, no sign-up.",Find: Loading...,Formula Blaster: Naming Compounds Quiz Game,"How to play (45-second timer, 3 hits per target, 3 targets per level) | What you practise (name → formula recognition, ions, subscripts) | Chemical formulas in this game (table: name, formula, acid/base/salt) | How to read a chemical formula (~250 words: symbols, subscripts, polyatomic ions, brackets) | Tips to memorise chemical formulas | Keep learning (Writing Chemical Formulas cheat sheet) | FAQ",How do you name chemical compounds? | What is the chemical formula for sodium hydroxide? | What is the difference between naming ionic and covalent compounds? | Where can I practise naming compounds for free?,/cheat-sheets/chemical-formulas | /cheat-sheets/chemical-bonds | /games | /games/acid-classification,VideoGame (+ LearningResource); BreadcrumbList; FAQPage,"quiz-platform: 10/10 organic are quizzes/practice tools (chemquiz, proprofs, khanacademy, quizlet, sporcle, purposegames, breslyn, quia); no AI overview",false,false,"H1 is the placeholder 'Find: Loading...' — make the target readout a live-region <p>, not the H1. 101 SSR chars. Needs static H1, rules, compound table, explainer, FAQ.","Map primary 'provide the formula for each compound' (165,000) is an ALEKS/homework query (article SERP, AIO) — rejected. 'naming compounds quiz' (210/10) is small but the only AIO-free, all-tool SERP among the 13 pages: cleanest format match on the site. 'chemistry naming practice' (1,900) kept as supporting."
/games/neutralise,(no map row),game,P2,acid base neutralization reaction,1900,110,neutralization reaction | what is a neutralization reaction | neutralization reaction examples | what are the products of a neutralization reaction | neutralization reaction equation | acid base game | ph scale game,ChemGames | Interactive Chemistry Learning,Acid-Base Neutralization Reaction Game: Neutralise!,"Master chemistry concepts through fun, visual, and interactive mini-games and reference guides.","Fire H+ and OH- ions at incoming acids and bases in this free arcade game, then learn how acid-base neutralization reactions make a salt and water.",(none),Neutralise! — Acid-Base Neutralization Reaction Game,"How to play (H⁺ vs OH⁻ ammo, 3 waves, lives, keyboard + mouse) | What is an acid-base neutralization reaction? (acid + base → salt + water, ~150 words) | Neutralization reaction examples (table of 10: HCl + NaOH, H₂SO₄ + 2NaOH, baking soda + vinegar, antacids...) | What happens when HCl and NaOH neutralize? | Which ion neutralises which? (why OH⁻ hits acids and H⁺ hits bases) | Keep learning (Acids & Bases sheet, Reaction Balancer neutralisation level) | FAQ",Can you give 10 examples of neutralization reactions? | What happens when HCl and NaOH neutralize? | How do you neutralize an acid and a base? | Is an acid-base reaction the same as neutralization? | What are the products of a neutralization reaction?,/cheat-sheets/acids-and-bases | /cheat-sheets/reaction-types | /games/acid-classification | /games/reaction-balancer | /games,VideoGame (+ LearningResource); BreadcrumbList; FAQPage,"article: 8/8 organic are explainers (libretexts, unizin, pathwayz, sciencedirect, physicsclassroom, wikipedia, study.com); AI overview + knowledge graph + PAA + video",true,false,"No H1 at all; 150 SSR chars. SERP is 100% article, so the game alone cannot rank: add a 300–400-word explainer + examples table under the canvas. High AIO risk on definitional queries — the examples table and 'which ion' section are the differentiators.","No map row for neutralisation (nearest planned: /games/acids-bases-ph-titration-game, P3). 'neutralization reaction' (8,100/1,300) kept as supporting head; the two-word-narrower 'acid base neutralization reaction' (1,900/110, kd 5) matches the mechanic. Brand name keeps AU spelling 'Neutralise!'; body copy should use US 'neutralization' at least once per section."
/games/reaction-balancer,/games/balancing-chemical-equations-game,game,P1,balancing chemical equations practice,5400,210,balancing chemical equations game | balancing chemical equations | balancing equations practice | balancing chemical equations practice problems | balancing chemical equations practice online | chemistry games balancing equations | balance chemical equations | balancing chemical equations practice with answers,ChemGames | Interactive Chemistry Learning,Balancing Chemical Equations Practice Game | ChemGames,"Master chemistry concepts through fun, visual, and interactive mini-games and reference guides.","Balancing chemical equations practice with 34 real reactions, from water synthesis to the Haber process. Adjust coefficients, check atom counts, get hints.",(none),Balancing Chemical Equations Practice Game,"How to play (coefficient steppers, Atom Balance panel, Check Answer, hints) | Current reaction — keep the dynamic level name here (e.g. 'Level 1: Water Synthesis') | How to balance a chemical equation in 4 steps (~200 words, link to cheat sheet) | All 34 reactions in this game (table: name, unbalanced → balanced, type, difficulty) | Balancing equations by reaction type (synthesis, decomposition, combustion, single/double replacement, redox, acid-base) | Common mistakes (changing subscripts, forgetting diatomics) | FAQ",How do you practise balancing chemical equations? | What are the steps to balance a chemical equation? | Why can't you change subscripts when balancing an equation? | What is the balanced equation for photosynthesis? | Is there a free balancing chemical equations game?,/cheat-sheets/balancing-equations | /cheat-sheets/reaction-types | /cheat-sheets/chemical-formulas | /games/neutralise | /games,VideoGame (+ LearningResource); ItemList of the 34 reactions; BreadcrumbList; FAQPage,"practice/tool mixed: chemquiz, khanacademy practice, IXL, PhET, sciencegeek, libretexts practice + 2 YouTube; AI overview + images",true,false,No H1 (only H2 'Water Synthesis'); 375 SSR chars; the 34-reaction library — the richest content asset on the site — is invisible to crawlers. Rendering the reaction table server-side turns one page into 34 long-tail landing points.,"Map primary 'chemistry balancing chemical equations' (49,500) is a video-dominated, AIO head term; the 'practice' variant (5,400/210, kd 4) matches the page and its SERP has 5 interactive tools in the top 10. Absorbs three other 'exists' map rows that point at this library: /games/balancing-chemical-equations-worksheet (P2), /games/chemical-reactions-quiz (P1), /games/reaction-types-game (P1, partial) — none of those pages actually exist."
/cheat-sheets,/cheat-sheets,pillar_hub,P1,chemistry cheat sheet,720,70,cheat sheet for chemistry | general chemistry cheat sheet | chemistry formulas cheat sheet | chemistry cheat sheet pdf | chemistry formula sheet | chemistry cheat sheet for final | high school chemistry cheat sheet,ChemGames | Interactive Chemistry Learning,Free Chemistry Cheat Sheets for High School | ChemGames,"Master chemistry concepts through fun, visual, and interactive mini-games and reference guides.","Six free chemistry cheat sheets for Year 9–10 / high school: states of matter, acids and bases, bonds, formulas, balancing equations and reaction types.",Lab Cheat Sheets,Chemistry Cheat Sheets,"Year 9 fundamentals (States of Matter, Chemical Bonds & Structure — 40-word summaries) | Year 9 acids & bases (Acids & Bases) | Year 10 equations (Balancing Chemical Equations, Writing Chemical Formulas) | Year 10 reactions (Types of Chemical Reactions) | Practise each topic with a game (sheet → game pairs) | How to use these cheat sheets (print, revise, test) | FAQ",What should a high school chemistry cheat sheet include? | Are these chemistry cheat sheets free and printable? | Which cheat sheet covers balancing equations? | What year level are the cheat sheets written for?,/games | /games/acid-classification | /games/reaction-balancer | /games/formula-blaster | /games/neutralise,CollectionPage + ItemList; BreadcrumbList; FAQPage,"article/PDF list (cached 03: scribd PDF, albert.io, studocu, toomey, dummies, cliffsnotes, TpT); images block; no AI overview",false,false,"Cards are H3 with no H2 structure; no print/PDF option although the SERP is PDF-heavy ('chemistry cheat sheet pdf' 90). Add year-level H2 groups, a print stylesheet, and game cross-links.","Map assigns 'chemistry cheat sheet' to the planned /guides/chemistry-formulas-cheat-sheet (P2) — the live hub should own it; retarget that planned page to 'chemistry formulas cheat sheet' (140/10). 'chemistry formula sheet' has 2,900 AU volume (US n/a in our data). SERP skipped (cached)."
/cheat-sheets/states-of-matter,(no map row),guide,P2,states of matter,40500,3600,three states of matter | what are the three states of matter | how many states of matter are there | states of matter definition | states of matter examples | states of matter plasma | phase changes | solid liquid gas,States of Matter Cheat Sheet | ChemGames,"States of Matter Cheat Sheet: Solids, Liquids & Gases","Particle arrangement, energy levels, and phase changes in solids, liquids, and gases.","States of matter cheat sheet: particles in solids, liquids and gases, how many states exist, phase changes and examples, with (s)/(l)/(g) state symbols.",States of Matter,States of Matter Cheat Sheet,"The three states of matter (table: shape, volume, particle arrangement, energy) | How many states of matter are there? (plasma, Bose–Einstein condensate — answers the 4th/5th/7th/22 PAA) | Phase changes (melting, freezing, evaporation, condensation, sublimation, deposition — diagram) | The particle model of matter | State symbols in chemical equations: (s), (l), (g), (aq) | Examples of each state of matter | Practise (Reaction Balancer uses state symbols — no dedicated game yet) | FAQ","What are the three main states of matter? | How many states of matter are there? | What is the fifth state of matter? | Are there really 7 (or 22) states of matter? | What are examples of solids, liquids and gases?",/cheat-sheets | /cheat-sheets/chemical-bonds | /cheat-sheets/balancing-equations | /games,Article (LearningResource); BreadcrumbList; FAQPage,"article: wikipedia, ebsco, NASA, purdue, livescience, letstalkscience + 2 YouTube; AI overview + images + PAA",true,false,"631 SSR chars vs a Wikipedia/NASA SERP: needs 600–900 words, a comparison table, a phase-change diagram and the 'how many states' section. Largest AU volume on the site (3,600) and no matching game (site gap flagged in stage 1).","No guide row in the map; the planned /games/states-of-matter-game (P1, not built) was measured as an article SERP in stage 6, so the live cheat sheet is the honest target. Head term (kd 16) is aspirational — the question-form supporting keywords (5,400 each) are the realistic entry."
/cheat-sheets/acids-and-bases,/guides/acids-bases-cheat-sheet,guide,P2,acids and bases,18100,1600,strong acids and bases | weak acids and bases | ph scale acids and bases | what are acids and bases | acids and bases examples | properties of acids and bases | acids and bases cheat sheet | ph scale chart,Acids & Bases Cheat Sheet | ChemGames,"Acids and Bases Cheat Sheet: pH, Strong & Weak Lists","Understanding the pH scale, proton donors (acids), and hydroxide release (bases).","Acids and bases cheat sheet: the pH scale, H+ and OH- ions, strong and weak acid lists, neutralisation and everyday examples. Year 9 quick reference.",Acids & Bases,Acids and Bases Cheat Sheet,"What are acids and bases? (Arrhenius definition, H⁺ / OH⁻) | The pH scale for acids and bases (0–14 chart with everyday examples) | Strong acids and bases list (table) | Weak acids and bases (HF, CH₃COOH, NH₃ — with pKa from the compound library) | Properties of acids vs bases (comparison table) | Neutralisation: acid + base → salt + water | Examples of acids and bases in everyday life (20 — answers the PAA) | Test yourself: Acid or Base? quiz game | FAQ",What are acids and bases? | What are 5 examples of acids and bases? | What are the 7 strong acids? | Is water an acid or a base? | What is the pH of a neutral solution?,/games/acid-classification | /games/neutralise | /cheat-sheets/reaction-types | /cheat-sheets,Article (LearningResource); BreadcrumbList; FAQPage,"article: wikipedia, ebsco, khanacademy, reddit, purdue, chemicals.co.uk; AI overview + PAA + video + product_considerations",true,false,"575 SSR chars, 3 bullets, 3 formulas. Needs the strong/weak lists (the compound library already holds pKa/pKb for 35 compounds), a pH chart, properties table and examples list. 'strong acids and bases' (9,900, kd 0) is the most winnable sub-section.","Map row is Later/Skip with primary 'ap chemistry acids and bases practice test' (30) — rejected as off-audience. Planned /guides/acids-and-bases-basics (P3) and /guides/ph-scale-acids-bases (P3) overlap this page: let the live sheet act as the acids-and-bases hub until they exist, then link down to them."
/cheat-sheets/balancing-equations,/guides/how-to-balance-chemical-equations,guide,P1,how to balance chemical equations,22200,1900,balancing chemical equations | balancing equations | how to balance chemical equations step by step | balanced chemical equation | how to balance chemical equations easy | balancing chemical equations examples | law of conservation of mass | coefficients and subscripts,Balancing Chemical Equations Cheat Sheet | ChemGames,How to Balance Chemical Equations: Steps & Cheat Sheet,Applying the Law of Conservation of Mass so atom counts match on both sides.,"How to balance chemical equations step by step: count atoms, adjust coefficients (never subscripts), check both sides. Examples and practice problems.",Balancing Chemical Equations,How to Balance Chemical Equations (Step-by-Step Cheat Sheet),"The law of conservation of mass — why equations must balance | How to balance a chemical equation in 4 steps | Worked example: H₂ + O₂ → H₂O | Coefficients vs subscripts: the golden rule | Balancing equations with polyatomic ions and brackets | Tips for balancing quickly (odd–even trick, balance O and H last) | Practice problems with answers (10 equations drawn from the Reaction Balancer library) | Practise in the game | FAQ",What are the steps to balance a chemical equation? | Why do chemical equations need to be balanced? | Can you change subscripts when balancing an equation? | How do you balance equations with polyatomic ions? | What is the easiest way to balance chemical equations?,/games/reaction-balancer | /cheat-sheets/reaction-types | /cheat-sheets/chemical-formulas | /cheat-sheets,HowTo (steps) + Article; BreadcrumbList; FAQPage,"article/video (cached 03: 3× YouTube, labxchange, chadsprep, khanacademy video, reddit, instructables '7 steps', pasco 'rules'); AI overview + PAA + Q&A",true,false,"611 SSR chars, one worked example. The SERP rewards numbered steps + multiple worked examples + a rules list; add HowTo schema. Fold the map's separate 'practice problems' page (P1) in as an H2 with answers until a dedicated page exists.","Highest-value keyword on the site with real AU demand (22,200 US / 1,900 AU). Map primary 'balancing equations chemistry' (49,500) is the same cluster head — 'how to' phrasing is the honest intent for a cheat sheet. Also absorbs /guides/balancing-chemical-equations-practice (P1, exists=true in map). SERP skipped (cached)."
/cheat-sheets/reaction-types,/guides/types-of-chemical-reactions-guide,guide,P2,types of chemical reactions,18100,1600,5 types of chemical reactions | five types of chemical reactions | types of chemical reactions examples | 4 types of chemical reactions | what are the 5 types of chemical reactions | synthesis reaction | decomposition reaction | combustion reaction,Types of Chemical Reactions Cheat Sheet | ChemGames,Types of Chemical Reactions Cheat Sheet (With Examples),"Identifying Synthesis, Decomposition, Combustion, and Neutralisation reactions.","Types of chemical reactions cheat sheet: synthesis, decomposition, replacement, combustion and neutralisation, with general forms and balanced examples.",Types of Chemical Reactions,Types of Chemical Reactions Cheat Sheet,"The main types of chemical reactions at a glance (table: type, general form, example) | Synthesis reactions | Decomposition reactions | Single replacement reactions | Double replacement (incl. precipitation) reactions | Combustion reactions | Acid-base (neutralisation) reactions | Redox reactions (brief) | How to identify the type of a reaction (flowchart) | Practise: balance one of each type in Reaction Balancer | FAQ",What are the 5 types of chemical reactions? | What are the 4 types of chemical reactions? | How do you identify the type of a chemical reaction? | Is combustion a synthesis reaction? | What type of reaction is HCl + NaOH?,/games/reaction-balancer | /games/neutralise | /cheat-sheets/balancing-equations | /cheat-sheets/acids-and-bases | /cheat-sheets,Article (LearningResource); BreadcrumbList; FAQPage,"article (cached 03: wikipedia, khanacademy, chemistrytalk, pearson, byjus, quizlet, thoughtco); AI overview + PAA + video",true,false,"Covers 4 types; US searchers expect 5 (synthesis, decomposition, single/double replacement, combustion). The Reaction Balancer already tags 8 types with 34 named reactions — pull one worked example per type from it. 590 SSR chars → target 800+.","Map row is exists=partial ('core reaction-type guide'); reconcile it to this live slug. 'combustion reaction' (27,100/2,900) is a separate planned guide (P3) — keep it as a section here, not the primary. SERP skipped (cached)."
/cheat-sheets/chemical-bonds,/guides/bonding-cheat-sheet,guide,P2,ionic vs covalent bonds,33100,1300,ionic and covalent bonds | covalent vs ionic compounds | how to tell ionic vs covalent | difference between ionic and covalent bonds | covalent bonding | ionic bonding | valence electrons | types of chemical bonds,Chemical Bonds & Structure Cheat Sheet | ChemGames,"Ionic vs Covalent Bonds: Differences, Examples & Cheat Sheet",Understanding how atoms share or transfer electrons to form stable compounds.,"Ionic vs covalent bonds cheat sheet: electron transfer vs sharing, how to tell them apart, properties compared side by side, with NaCl and CO2 examples.",Chemical Bonds & Structure,Ionic vs Covalent Bonds: Chemical Bonding Cheat Sheet,"What is a chemical bond? (valence electrons, full outer shell) | Ionic bonds (metal + non-metal, electron transfer, NaCl) | Covalent bonds (non-metals share electrons, CO₂, H₂O) | Ionic vs covalent bonds compared (table: electrons, elements, melting point, conductivity, solubility) | How to tell if a bond is ionic or covalent (metal/non-metal rule, electronegativity) | Is H₂O ionic or covalent? — and 10 other common compounds | Metallic bonds (brief) | Molecular structure basics (link to Bond Builder once the route exists) | FAQ","How do you know if a bond is ionic or covalent? | How can I remember the difference between ionic and covalent bonds? | Is H2O a covalent or ionic compound? | What is the difference between ionic, covalent and coordinate bonds? | What are 5 examples of ionic and covalent compounds?",/cheat-sheets/chemical-formulas | /cheat-sheets/states-of-matter | /games/formula-blaster | /cheat-sheets,Article (LearningResource); BreadcrumbList; FAQPage,"article: chemistrytalk, reddit, libretexts, pearson, quizlet, giroscience, labxchange, study.com; AI overview + PAA + Q&A + video",true,false,"704 SSR chars, two examples. SERP top-10 all carry a comparison table and a 'how to tell' section — add both plus the H₂O/common-compounds section (direct PAA match). Do not link the 404 /games/chemical-bonds until it ships.","Map row is Later/Skip with primary '10 examples of ionic compounds in everyday life' (50) — rejected. The 33,100 'ionic vs covalent' cluster was assigned to the planned /games/covalent-ionic-bonds-game (P1), but stage 6 measured that SERP as article format, so the live cheat sheet is the honest home; retarget the planned game to 'ionic vs covalent quiz/game'."
/cheat-sheets/chemical-formulas,/guides/writing-chemical-formulas-practice,guide,P3,how to write a chemical formula,1300,140,writing chemical formulas | how to write chemical formula for ionic compounds | chemical formula | polyatomic ions list | chemical formulas list | how do you write the chemical formula of a compound | chemical formula examples | subscripts in chemical formulas,Writing Chemical Formulas Cheat Sheet | ChemGames,How to Write a Chemical Formula: Rules & Cheat Sheet,Translating chemical names into standardized symbolic formulas.,"How to write a chemical formula: cation first, balance the charges, add subscripts and brackets for polyatomic ions. Rules, examples and an ion list.",Writing Chemical Formulas,How to Write a Chemical Formula (Cheat Sheet),"What a chemical formula tells you (symbols, subscripts, example) | How to write a chemical formula in 4 steps (criss-cross method) | Writing formulas for ionic compounds | Writing formulas for covalent compounds (prefixes) | Polyatomic ions you need to know (table of ~15) | Brackets and subscripts: Ca(OH)₂ explained | Common chemical formulas list (20 from the compound library) | Practise with Formula Blaster | FAQ",What is an example of a chemical formula? | How do I write a chemical formula for a compound? | What order do you write the elements in a chemical formula? | How do you write a formula with a polyatomic ion? | How do you work out a chemical formula from the charges?,/games/formula-blaster | /cheat-sheets/chemical-bonds | /cheat-sheets/balancing-equations | /cheat-sheets,HowTo + Article; BreadcrumbList; FAQPage,"article/how-to: nde-ed, wikipedia, my-gcsescience 'top tips', ck12, slideshare, libretexts ionic formulas + 2 YouTube; AI overview + PAA + Q&A + video",true,false,"648 SSR chars, two examples. Needs the numbered method, an ionic vs covalent split, a polyatomic ion table ('polyatomic ions list' 18,100/480) and a formulas list. HowTo schema fits the SERP.","Nearest map row is a P3 guide (not built) with the unwinnable head 'chemical formula' (90,500); the 'how to write' cluster (1,300/140, kd 12) is the honest target. /games/chemical-formulas-practice (P1) was reconciled to Formula Blaster instead."
/auth,(none),utility,n/a,,,,,ChemGames | Interactive Chemistry Learning,,"Master chemistry concepts through fun, visual, and interactive mini-games and reference guides.",,Welcome back,,,,,,,,,,"noindex,follow — login form; keep out of the index, give it a unique <title> ('Log in | ChemGames') so it never duplicates the homepage."
/profile,(none),utility,n/a,,,,,ChemGames | Interactive Chemistry Learning,,"Master chemistry concepts through fun, visual, and interactive mini-games and reference guides.",,Welcome back,,,,,,,,,,"noindex,follow — auth-gated, renders the login form; same as /auth. Remove from any sitemap."
/leaderboards,(none),utility,n/a,,,,,ChemGames | Interactive Chemistry Learning,,"Master chemistry concepts through fun, visual, and interactive mini-games and reference guides.",,Leaderboards,,,,,,,,,,"noindex,follow until real data replaces the hardcoded demo scores; remove the dead 'Bond Builder' tab; keep internal links to the 4 live games."
